name,transfer_fee,days_left_on_contract,age,position,height_in_cm,is_left_footed,is_tier1_nation,adjusted_goals_season1,adjusted_assists_season1,adjusted_clean_sheet_season1,goals_conceded_per_90_season1,minutes_played_season1,adjusted_goals_season2,adjusted_assists_season2,adjusted_clean_sheet_season2,goals_conceded_per_90_season2,minutes_played_season2,season,to_club_name,Matches Played,Avg Mins per Match,Goals,Assists,Goals & Assists,Non Penalty Goals,Penalty Kicks Made,Expected Goals,Exp NPG,Progressive Carries,Progressive Passes,Goals p 90,Assists p 90,Tackles attempted,Tackles Won,% Dribbles tackled,Shots blocked,Passes blocked,Interceptions,Clearances,Errors made,Goals Against,Goals against p 90,Saves,Saves %,Clean Sheets,% Clean sheets,% Penalty saves,Passes Completed,Passes Attempted,Pass completion %,Progressive passes distance,% Short pass completed,% Medium passes completed,% Long passes completed,Key passes,1/3,Passes into penalty area,touches_def_pen,Take ons attempted,% Successful take-ons,Times tackled during take-on,carries_prgc,carries final 3rd,carries penalty area,Possessions lost,Goals Scored,Total Shots,% Shots on target,Shots p 90,Goals per shot,Goals per shot on target,% Aerial Duels won,Shot creating actions p 90,Goal creating actions p 90,Crosses Stopped,has_advanced_stats
Jack Butland,1100000.0,2494.0,27,Goalkeeper,196.0,0,1,0.0,0.0,0.0,0.0,0.0,0.0,0.0,0.0,0.0,0.0,2020,Crystal Palace,25.846153846153847,2317.3076923076924,0.0,0.0512820512820512,0.0512820512820512,0.0,0.0,0.0,0.0,0.0,0.4615384615384615,0.0,0.0015384615384615,0.9230769230769232,0.5384615384615384,36.54102564102564,0.0,0.1794871794871795,0.8205128205128205,10.846153846153848,1.6153846153846154,37.66666666666666,1.528974358974359,82.3076923076923,69.94871794871794,5.589743589743589,21.235897435897435,14.807692307692308,598.025641025641,880.1282051282051,67.94615384615385,13172.128205128203,98.95128205128204,98.33333333333331,44.74358974358975,0.717948717948718,15.333333333333334,0.6410256410256411,789.4615384615385,0.4358974358974359,29.487179487179485,1.2820512820512822,0.0,0.0512820512820512,0.0256410256410256,0.1282051282051282,0.0,0.0256410256410256,2.5641025641025643,0.0007692307692307,0.0,0.0,73.09487179487179,0.1615384615384615,0.0376923076923076,5.21025641025641,0
Rúnar Alex Rúnarsson,2000000.0,2524.0,25,Goalkeeper,186.0,0,0,0.0,0.0,0.0,2.1,900.0,0.0,0.0,4.62,1.72,2250.0,2020,Arsenal,11.0,901.0,0.0,0.0,0.0,0.0,0.0,0.0,0.0,0.0,0.0,0.0,0.0,0.0,0.0,0.0,0.0,0.0,0.0,3.0,3.0,17.0,1.7,31.0,63.8,0.0,0.0,0.0,247.0,330.0,74.8,5535.0,97.4,97.7,50.9,0.0,1.0,0.0,304.0,0.0,0.0,0.0,0.0,0.0,0.0,0.0,0.0,0.0,0.0,0.0,0.0,0.0,100.0,0.4,0.0,5.5,1
Emiliano Martínez,17400000.0,3255.0,28,Goalkeeper,195.0,0,1,0.0,0.0,5.984999999999999,0.9243243243243242,1850.0,0.0,0.0,0.597,0.0,90.0,2020,Aston Villa,9.0,771.0,0.0,0.0,0.0,0.0,0.0,0.0,0.0,0.0,0.0,0.0,0.0,0.0,0.0,0.0,0.0,0.0,0.0,1.0,0.0,9.0,1.05,33.0,81.0,3.0,37.5,0.0,212.0,293.0,72.4,3181.0,100.0,97.3,34.7,0.0,6.0,0.0,271.0,0.0,0.0,0.0,0.0,0.0,0.0,0.0,0.0,0.0,0.0,0.0,0.0,0.0,0.0,0.0,0.0,5.8,1
Jeroen Zoet,1500000.0,2524.0,29,Goalkeeper,189.0,0,1,0.0,0.0,6.99,1.180851063829787,2820.0,0.0,0.0,14.229,1.0930232558139534,3870.0,2020,Spezia Calcio,25.846153846153847,2317.3076923076924,0.0,0.0512820512820512,0.0512820512820512,0.0,0.0,0.0,0.0,0.0,0.4615384615384615,0.0,0.0015384615384615,0.9230769230769232,0.5384615384615384,36.54102564102564,0.0,0.1794871794871795,0.8205128205128205,10.846153846153848,1.6153846153846154,37.66666666666666,1.528974358974359,82.3076923076923,69.94871794871794,5.589743589743589,21.235897435897435,14.807692307692308,598.025641025641,880.1282051282051,67.94615384615385,13172.128205128203,98.95128205128204,98.33333333333331,44.74358974358975,0.717948717948718,15.333333333333334,0.6410256410256411,789.4615384615385,0.4358974358974359,29.487179487179485,1.2820512820512822,0.0,0.0512820512820512,0.0256410256410256,0.1282051282051282,0.0,0.0256410256410256,2.5641025641025643,0.0007692307692307,0.0,0.0,73.09487179487179,0.1615384615384615,0.0376923076923076,5.21025641025641,0
Bono,4000000.0,2159.0,29,Goalkeeper,195.0,1,1,0.0,0.928,7.56,0.5142857142857142,1575.0,0.0,0.0,7.424,1.3836477987421385,2862.0,2020,Sevilla FC,25.846153846153847,2317.3076923076924,0.0,0.0512820512820512,0.0512820512820512,0.0,0.0,0.0,0.0,0.0,0.4615384615384615,0.0,0.0015384615384615,0.9230769230769232,0.5384615384615384,36.54102564102564,0.0,0.1794871794871795,0.8205128205128205,10.846153846153848,1.6153846153846154,37.66666666666666,1.528974358974359,82.3076923076923,69.94871794871794,5.589743589743589,21.235897435897435,14.807692307692308,598.025641025641,880.1282051282051,67.94615384615385,13172.128205128203,98.95128205128204,98.33333333333331,44.74358974358975,0.717948717948718,15.333333333333334,0.6410256410256411,789.4615384615385,0.4358974358974359,29.487179487179485,1.2820512820512822,0.0,0.0512820512820512,0.0256410256410256,0.1282051282051282,0.0,0.0256410256410256,2.5641025641025643,0.0007692307692307,0.0,0.0,73.09487179487179,0.1615384615384615,0.0376923076923076,5.21025641025641,0
Gerónimo Rulli,5000000.0,2524.0,28,Goalkeeper,189.0,0,1,0.0,0.0,7.392,1.08,2250.0,0.0,0.0,7.093,1.2413793103448276,2610.0,2020,Villarreal,25.0,2250.0,0.0,0.0,0.0,0.0,0.0,0.0,0.0,0.0,1.0,0.0,0.0,3.0,1.0,75.0,0.0,1.0,2.0,9.0,1.0,27.0,1.08,91.0,79.8,8.0,32.0,40.0,689.0,882.0,78.1,16895.0,99.0,98.6,62.6,0.0,9.0,0.0,779.0,0.0,0.0,0.0,0.0,0.0,0.0,0.0,0.0,0.0,0.0,0.0,0.0,0.0,80.0,0.16,0.0,4.4,1
Etrit Berisha,3500000.0,365.0,31,Goalkeeper,194.0,1,0,0.0,0.0,2.802,1.6896551724137931,2610.0,0.0,0.0,5.864,1.3636363636363638,1980.0,2020,SPAL,26.0,2340.0,0.0,0.0,0.0,0.0,0.0,0.0,0.0,0.0,0.0,0.0,0.0,3.0,2.0,66.7,0.0,0.0,1.0,9.0,0.0,44.0,1.69,105.0,74.1,3.0,11.5,0.0,620.0,879.0,70.5,14508.0,100.0,96.9,49.3,0.0,7.0,0.0,831.0,1.0,100.0,0.0,0.0,0.0,0.0,0.0,0.0,0.0,0.0,0.0,0.0,0.0,87.5,0.15,0.0,2.9,1
Luigi Sepe,4580000.0,2159.0,29,Goalkeeper,185.0,1,1,0.0,0.0,4.67,1.542857142857143,3150.0,0.0,0.0,9.34,1.5789473684210529,3420.0,2020,Parma,34.0,3060.0,0.0,0.0,0.0,0.0,0.0,0.0,0.0,0.0,0.0,0.0,0.0,1.0,0.0,50.0,0.0,0.0,0.0,6.0,2.0,53.0,1.56,137.0,75.6,5.0,14.7,33.3,860.0,1132.0,76.0,19382.0,100.0,99.3,56.5,2.0,25.0,0.0,1091.0,0.0,0.0,0.0,0.0,0.0,0.0,0.0,0.0,0.0,0.0,0.0,0.0,0.0,87.5,0.26,0.03,3.2,1
Stefano Gori,3200000.0,1794.0,24,Goalkeeper,185.0,0,1,0.0,0.0,0.0,0.0,0.0,0.0,0.0,0.0,0.0,0.0,2020,Juventus,25.846153846153847,2317.3076923076924,0.0,0.0512820512820512,0.0512820512820512,0.0,0.0,0.0,0.0,0.0,0.4615384615384615,0.0,0.0015384615384615,0.9230769230769232,0.5384615384615384,36.54102564102564,0.0,0.1794871794871795,0.8205128205128205,10.846153846153848,1.6153846153846154,37.66666666666666,1.528974358974359,82.3076923076923,69.94871794871794,5.589743589743589,21.235897435897435,14.807692307692308,598.025641025641,880.1282051282051,67.94615384615385,13172.128205128203,98.95128205128204,98.33333333333331,44.74358974358975,0.717948717948718,15.333333333333334,0.6410256410256411,789.4615384615385,0.4358974358974359,29.487179487179485,1.2820512820512822,0.0,0.0512820512820512,0.0256410256410256,0.1282051282051282,0.0,0.0256410256410256,2.5641025641025643,0.0007692307692307,0.0,0.0,73.09487179487179,0.1615384615384615,0.0376923076923076,5.21025641025641,0
Ivor Pandur,1900000.0,2524.0,20,Goalkeeper,187.0,0,1,0.0,0.0,0.0,0.0,0.0,0.0,0.0,0.0,0.0,0.0,2020,Hellas Verona,25.846153846153847,2317.3076923076924,0.0,0.0512820512820512,0.0512820512820512,0.0,0.0,0.0,0.0,0.0,0.4615384615384615,0.0,0.0015384615384615,0.9230769230769232,0.5384615384615384,36.54102564102564,0.0,0.1794871794871795,0.8205128205128205,10.846153846153848,1.6153846153846154,37.66666666666666,1.528974358974359,82.3076923076923,69.94871794871794,5.589743589743589,21.235897435897435,14.807692307692308,598.025641025641,880.1282051282051,67.94615384615385,13172.128205128203,98.95128205128204,98.33333333333331,44.74358974358975,0.717948717948718,15.333333333333334,0.6410256410256411,789.4615384615385,0.4358974358974359,29.487179487179485,1.2820512820512822,0.0,0.0512820512820512,0.0256410256410256,0.1282051282051282,0.0,0.0256410256410256,2.5641025641025643,0.0007692307692307,0.0,0.0,73.09487179487179,0.1615384615384615,0.0376923076923076,5.21025641025641,0
Ivo Grbic,3500000.0,1794.0,24,Goalkeeper,195.0,0,1,0.0,0.0,0.0,0.0,0.0,0.0,0.0,0.0,0.0,0.0,2020,Atlético Madrid,25.846153846153847,2317.3076923076924,0.0,0.0512820512820512,0.0512820512820512,0.0,0.0,0.0,0.0,0.0,0.4615384615384615,0.0,0.0015384615384615,0.9230769230769232,0.5384615384615384,36.54102564102564,0.0,0.1794871794871795,0.8205128205128205,10.846153846153848,1.6153846153846154,37.66666666666666,1.528974358974359,82.3076923076923,69.94871794871794,5.589743589743589,21.235897435897435,14.807692307692308,598.025641025641,880.1282051282051,67.94615384615385,13172.128205128203,98.95128205128204,98.33333333333331,44.74358974358975,0.717948717948718,15.333333333333334,0.6410256410256411,789.4615384615385,0.4358974358974359,29.487179487179485,1.2820512820512822,0.0,0.0512820512820512,0.0256410256410256,0.1282051282051282,0.0,0.0256410256410256,2.5641025641025643,0.0007692307692307,0.0,0.0,73.09487179487179,0.1615384615384615,0.0376923076923076,5.21025641025641,0
Aaron Ramsdale,20500000.0,2890.0,22,Goalkeeper,190.0,0,1,0.0,1.0,5.0,1.6756756756756757,3330.0,0.0,0.0,0.0,1.6666666666666663,270.0,2020,Sheff Utd,37.0,3330.0,0.0,1.0,1.0,0.0,0.0,0.0,0.0,0.0,0.0,0.0,0.03,4.0,3.0,100.0,0.0,0.0,0.0,25.0,1.0,62.0,1.68,124.0,69.5,5.0,13.5,16.7,675.0,1136.0,59.4,15997.0,96.9,99.4,35.1,2.0,20.0,1.0,1088.0,0.0,0.0,0.0,0.0,0.0,0.0,0.0,0.0,0.0,0.0,0.0,0.0,0.0,71.4,0.08,0.03,3.4,1
Alexander Schwolow,7000000.0,365.0,28,Goalkeeper,190.0,0,1,0.0,0.0,4.297000000000001,1.3426763110307414,2212.0,0.0,0.925,4.625,1.8962264150943395,3180.0,2020,Hertha BSC,24.0,2091.0,0.0,0.0,0.0,0.0,0.0,0.0,0.0,0.0,1.0,0.0,0.0,0.0,0.0,0.0,0.0,2.0,1.0,8.0,3.0,32.0,1.38,86.0,75.4,4.0,16.7,0.0,674.0,977.0,69.0,14715.0,100.0,98.8,44.6,0.0,10.0,0.0,897.0,0.0,0.0,0.0,0.0,0.0,0.0,0.0,0.0,0.0,0.0,0.0,0.0,0.0,80.0,0.09,0.0,3.4,1
Gregor Kobel,7200000.0,2890.0,23,Goalkeeper,196.0,0,0,0.0,0.0,0.0,0.0,0.0,0.0,0.0,3.372,2.3101604278074865,1870.0,2020,VfB Stuttgart,25.846153846153847,2317.3076923076924,0.0,0.0512820512820512,0.0512820512820512,0.0,0.0,0.0,0.0,0.0,0.4615384615384615,0.0,0.0015384615384615,0.9230769230769232,0.5384615384615384,36.54102564102564,0.0,0.1794871794871795,0.8205128205128205,10.846153846153848,1.6153846153846154,37.66666666666666,1.528974358974359,82.3076923076923,69.94871794871794,5.589743589743589,21.235897435897435,14.807692307692308,598.025641025641,880.1282051282051,67.94615384615385,13172.128205128203,98.95128205128204,98.33333333333331,44.74358974358975,0.717948717948718,15.333333333333334,0.6410256410256411,789.4615384615385,0.4358974358974359,29.487179487179485,1.2820512820512822,0.0,0.0512820512820512,0.0256410256410256,0.1282051282051282,0.0,0.0256410256410256,2.5641025641025643,0.0007692307692307,0.0,0.0,73.09487179487179,0.1615384615384615,0.0376923076923076,5.21025641025641,0
Josep Martínez,2500000.0,3255.0,22,Goalkeeper,191.0,0,1,0.0,0.0,0.0,0.0,0.0,0.0,0.0,0.0,0.0,0.0,2020,RB Leipzig,25.846153846153847,2317.3076923076924,0.0,0.0512820512820512,0.0512820512820512,0.0,0.0,0.0,0.0,0.0,0.4615384615384615,0.0,0.0015384615384615,0.9230769230769232,0.5384615384615384,36.54102564102564,0.0,0.1794871794871795,0.8205128205128205,10.846153846153848,1.6153846153846154,37.66666666666666,1.528974358974359,82.3076923076923,69.94871794871794,5.589743589743589,21.235897435897435,14.807692307692308,598.025641025641,880.1282051282051,67.94615384615385,13172.128205128203,98.95128205128204,98.33333333333331,44.74358974358975,0.717948717948718,15.333333333333334,0.6410256410256411,789.4615384615385,0.4358974358974359,29.487179487179485,1.2820512820512822,0.0,0.0512820512820512,0.0256410256410256,0.1282051282051282,0.0,0.0256410256410256,2.5641025641025643,0.0007692307692307,0.0,0.0,73.09487179487179,0.1615384615384615,0.0376923076923076,5.21025641025641,0
Adam Davies,300000.0,1794.0,29,Goalkeeper,185.0,0,0,0.0,0.0,0.0,0.0,0.0,0.0,0.0,0.0,0.0,0.0,2021,Sheff Utd,25.846153846153847,2317.3076923076924,0.0,0.0512820512820512,0.0512820512820512,0.0,0.0,0.0,0.0,0.0,0.4615384615384615,0.0,0.0015384615384615,0.9230769230769232,0.5384615384615384,36.54102564102564,0.0,0.1794871794871795,0.8205128205128205,10.846153846153848,1.6153846153846154,37.66666666666666,1.528974358974359,82.3076923076923,69.94871794871794,5.589743589743589,21.235897435897435,14.807692307692308,598.025641025641,880.1282051282051,67.94615384615385,13172.128205128203,98.95128205128204,98.33333333333331,44.74358974358975,0.717948717948718,15.333333333333334,0.6410256410256411,789.4615384615385,0.4358974358974359,29.487179487179485,1.2820512820512822,0.0,0.0512820512820512,0.0256410256410256,0.1282051282051282,0.0,0.0256410256410256,2.5641025641025643,0.0007692307692307,0.0,0.0,73.09487179487179,0.1615384615384615,0.0376923076923076,5.21025641025641,0
Andy Fisher,475000.0,1399.0,23,Goalkeeper,189.0,0,1,0.0,0.0,0.0,0.0,0.0,0.0,0.0,0.0,0.0,0.0,2021,Swansea,25.846153846153847,2317.3076923076924,0.0,0.0512820512820512,0.0512820512820512,0.0,0.0,0.0,0.0,0.0,0.4615384615384615,0.0,0.0015384615384615,0.9230769230769232,0.5384615384615384,36.54102564102564,0.0,0.1794871794871795,0.8205128205128205,10.846153846153848,1.6153846153846154,37.66666666666666,1.528974358974359,82.3076923076923,69.94871794871794,5.589743589743589,21.235897435897435,14.807692307692308,598.025641025641,880.1282051282051,67.94615384615385,13172.128205128203,98.95128205128204,98.33333333333331,44.74358974358975,0.717948717948718,15.333333333333334,0.6410256410256411,789.4615384615385,0.4358974358974359,29.487179487179485,1.2820512820512822,0.0,0.0512820512820512,0.0256410256410256,0.1282051282051282,0.0,0.0256410256410256,2.5641025641025643,0.0007692307692307,0.0,0.0,73.09487179487179,0.1615384615384615,0.0376923076923076,5.21025641025641,0
Maduka Okoye,5000000.0,2525.0,22,Goalkeeper,198.0,0,0,0.0,0.0,8.52,1.3977272727272727,2640.0,0.0,0.0,0.0,0.0,0.0,2021,Watford,25.846153846153847,2317.3076923076924,0.0,0.0512820512820512,0.0512820512820512,0.0,0.0,0.0,0.0,0.0,0.4615384615384615,0.0,0.0015384615384615,0.9230769230769232,0.5384615384615384,36.54102564102564,0.0,0.1794871794871795,0.8205128205128205,10.846153846153848,1.6153846153846154,37.66666666666666,1.528974358974359,82.3076923076923,69.94871794871794,5.589743589743589,21.235897435897435,14.807692307692308,598.025641025641,880.1282051282051,67.94615384615385,13172.128205128203,98.95128205128204,98.33333333333331,44.74358974358975,0.717948717948718,15.333333333333334,0.6410256410256411,789.4615384615385,0.4358974358974359,29.487179487179485,1.2820512820512822,0.0,0.0512820512820512,0.0256410256410256,0.1282051282051282,0.0,0.0256410256410256,2.5641025641025643,0.0007692307692307,0.0,0.0,73.09487179487179,0.1615384615384615,0.0376923076923076,5.21025641025641,0
Giorgi Mamardashvili,3850000.0,1429.0,21,Goalkeeper,197.0,1,0,0.0,0.0,0.0,0.0,0.0,0.0,0.0,0.0,0.0,0.0,2021,Valencia,25.846153846153847,2317.3076923076924,0.0,0.0512820512820512,0.0512820512820512,0.0,0.0,0.0,0.0,0.0,0.4615384615384615,0.0,0.0015384615384615,0.9230769230769232,0.5384615384615384,36.54102564102564,0.0,0.1794871794871795,0.8205128205128205,10.846153846153848,1.6153846153846154,37.66666666666666,1.528974358974359,82.3076923076923,69.94871794871794,5.589743589743589,21.235897435897435,14.807692307692308,598.025641025641,880.1282051282051,67.94615384615385,13172.128205128203,98.95128205128204,98.33333333333331,44.74358974358975,0.717948717948718,15.333333333333334,0.6410256410256411,789.4615384615385,0.4358974358974359,29.487179487179485,1.2820512820512822,0.0,0.0512820512820512,0.0256410256410256,0.1282051282051282,0.0,0.0256410256410256,2.5641025641025643,0.0007692307692307,0.0,0.0,73.09487179487179,0.1615384615384615,0.0376923076923076,5.21025641025641,0
Oliver Christensen,3000000.0,2525.0,22,Goalkeeper,190.0,0,0,0.0,0.0,5.697,1.32,2250.0,0.0,0.0,7.649999999999999,1.1538461538461535,2340.0,2021,Hertha BSC,25.846153846153847,2317.3076923076924,0.0,0.0512820512820512,0.0512820512820512,0.0,0.0,0.0,0.0,0.0,0.4615384615384615,0.0,0.0015384615384615,0.9230769230769232,0.5384615384615384,36.54102564102564,0.0,0.1794871794871795,0.8205128205128205,10.846153846153848,1.6153846153846154,37.66666666666666,1.528974358974359,82.3076923076923,69.94871794871794,5.589743589743589,21.235897435897435,14.807692307692308,598.025641025641,880.1282051282051,67.94615384615385,13172.128205128203,98.95128205128204,98.33333333333331,44.74358974358975,0.717948717948718,15.333333333333334,0.6410256410256411,789.4615384615385,0.4358974358974359,29.487179487179485,1.2820512820512822,0.0,0.0512820512820512,0.0256410256410256,0.1282051282051282,0.0,0.0256410256410256,2.5641025641025643,0.0007692307692307,0.0,0.0,73.09487179487179,0.1615384615384615,0.0376923076923076,5.21025641025641,0
Aaron Ramsdale,28000000.0,2525.0,23,Goalkeeper,190.0,0,1,0.0,0.0,5.597,1.619047619047619,3780.0,0.0,1.0,5.0,1.6756756756756757,3330.0,2021,Arsenal,38.0,3420.0,0.0,0.0,0.0,0.0,0.0,0.0,0.0,0.0,0.0,0.0,0.0,1.0,1.0,100.0,0.0,0.0,2.0,22.0,6.0,63.0,1.66,145.0,70.9,5.0,13.2,0.0,569.0,1153.0,49.3,19232.0,97.3,98.3,35.8,2.0,44.0,1.0,1085.0,2.0,100.0,0.0,0.0,0.0,0.0,0.0,0.0,0.0,0.0,0.0,0.0,0.0,72.7,0.21,0.0,5.7,1
Luís Maximiano,5500000.0,2890.0,22,Goalkeeper,190.0,0,1,0.0,0.0,1.469,0.3658536585365854,246.0,0.0,0.0,9.317,1.203119197920535,2693.0,2021,Granada CF,25.846153846153847,2317.3076923076924,0.0,0.0512820512820512,0.0512820512820512,0.0,0.0,0.0,0.0,0.0,0.4615384615384615,0.0,0.0015384615384615,0.9230769230769232,0.5384615384615384,36.54102564102564,0.0,0.1794871794871795,0.8205128205128205,10.846153846153848,1.6153846153846154,37.66666666666666,1.528974358974359,82.3076923076923,69.94871794871794,5.589743589743589,21.235897435897435,14.807692307692308,598.025641025641,880.1282051282051,67.94615384615385,13172.128205128203,98.95128205128204,98.33333333333331,44.74358974358975,0.717948717948718,15.333333333333334,0.6410256410256411,789.4615384615385,0.4358974358974359,29.487179487179485,1.2820512820512822,0.0,0.0512820512820512,0.0256410256410256,0.1282051282051282,0.0,0.0256410256410256,2.5641025641025643,0.0007692307692307,0.0,0.0,73.09487179487179,0.1615384615384615,0.0376923076923076,5.21025641025641,0
Stefanos Kapino,300000.0,1429.0,27,Goalkeeper,196.0,0,0,0.0,0.0,0.0,0.0,0.0,0.0,0.0,0.0,2.0,90.0,2021,Arm. Bielefeld,25.846153846153847,2317.3076923076924,0.0,0.0512820512820512,0.0512820512820512,0.0,0.0,0.0,0.0,0.0,0.4615384615384615,0.0,0.0015384615384615,0.9230769230769232,0.5384615384615384,36.54102564102564,0.0,0.1794871794871795,0.8205128205128205,10.846153846153848,1.6153846153846154,37.66666666666666,1.528974358974359,82.3076923076923,69.94871794871794,5.589743589743589,21.235897435897435,14.807692307692308,598.025641025641,880.1282051282051,67.94615384615385,13172.128205128203,98.95128205128204,98.33333333333331,44.74358974358975,0.717948717948718,15.333333333333334,0.6410256410256411,789.4615384615385,0.4358974358974359,29.487179487179485,1.2820512820512822,0.0,0.0512820512820512,0.0256410256410256,0.1282051282051282,0.0,0.0256410256410256,2.5641025641025643,0.0007692307692307,0.0,0.0,73.09487179487179,0.1615384615384615,0.0376923076923076,5.21025641025641,0
Vincenzo Fiorillo,600000.0,1429.0,31,Goalkeeper,190.0,1,1,0.0,0.0,0.0,0.0,0.0,0.0,0.0,0.0,0.0,0.0,2021,Salernitana,25.846153846153847,2317.3076923076924,0.0,0.0512820512820512,0.0512820512820512,0.0,0.0,0.0,0.0,0.0,0.4615384615384615,0.0,0.0015384615384615,0.9230769230769232,0.5384615384615384,36.54102564102564,0.0,0.1794871794871795,0.8205128205128205,10.846153846153848,1.6153846153846154,37.66666666666666,1.528974358974359,82.3076923076923,69.94871794871794,5.589743589743589,21.235897435897435,14.807692307692308,598.025641025641,880.1282051282051,67.94615384615385,13172.128205128203,98.95128205128204,98.33333333333331,44.74358974358975,0.717948717948718,15.333333333333334,0.6410256410256411,789.4615384615385,0.4358974358974359,29.487179487179485,1.2820512820512822,0.0,0.0512820512820512,0.0256410256410256,0.1282051282051282,0.0,0.0256410256410256,2.5641025641025643,0.0007692307692307,0.0,0.0,73.09487179487179,0.1615384615384615,0.0376923076923076,5.21025641025641,0
Marco Silvestri,2200000.0,1429.0,30,Goalkeeper,191.0,0,1,0.0,0.0,6.538,1.2352941176470589,3060.0,0.0,0.0,8.406,1.2385321100917432,3270.0,2021,Udinese,34.0,3060.0,0.0,0.0,0.0,0.0,0.0,0.0,0.0,0.0,0.0,0.0,0.0,0.0,0.0,0.0,0.0,0.0,0.0,14.0,1.0,42.0,1.24,91.0,72.5,7.0,20.6,0.0,440.0,963.0,45.7,14614.0,100.0,97.9,31.7,0.0,19.0,0.0,899.0,0.0,0.0,0.0,0.0,0.0,0.0,0.0,0.0,0.0,0.0,0.0,0.0,0.0,70.0,0.03,0.0,2.0,1
Frederik Rönnow,1000000.0,365.0,29,Goalkeeper,188.0,0,0,0.0,0.0,0.925,2.571428571428571,945.0,0.0,0.0,1.522,1.4666666666666666,1350.0,2021,Union Berlin,25.846153846153847,2317.3076923076924,0.0,0.0512820512820512,0.0512820512820512,0.0,0.0,0.0,0.0,0.0,0.4615384615384615,0.0,0.0015384615384615,0.9230769230769232,0.5384615384615384,36.54102564102564,0.0,0.1794871794871795,0.8205128205128205,10.846153846153848,1.6153846153846154,37.66666666666666,1.528974358974359,82.3076923076923,69.94871794871794,5.589743589743589,21.235897435897435,14.807692307692308,598.025641025641,880.1282051282051,67.94615384615385,13172.128205128203,98.95128205128204,98.33333333333331,44.74358974358975,0.717948717948718,15.333333333333334,0.6410256410256411,789.4615384615385,0.4358974358974359,29.487179487179485,1.2820512820512822,0.0,0.0512820512820512,0.0256410256410256,0.1282051282051282,0.0,0.0256410256410256,2.5641025641025643,0.0007692307692307,0.0,0.0,73.09487179487179,0.1615384615384615,0.0376923076923076,5.21025641025641,0
Jens Grahl,250000.0,1794.0,33,Goalkeeper,192.0,0,1,0.0,0.0,0.0,0.0,0.0,0.0,0.0,0.0,0.0,0.0,2021,E. Frankfurt,25.846153846153847,2317.3076923076924,0.0,0.0512820512820512,0.0512820512820512,0.0,0.0,0.0,0.0,0.0,0.4615384615384615,0.0,0.0015384615384615,0.9230769230769232,0.5384615384615384,36.54102564102564,0.0,0.1794871794871795,0.8205128205128205,10.846153846153848,1.6153846153846154,37.66666666666666,1.528974358974359,82.3076923076923,69.94871794871794,5.589743589743589,21.235897435897435,14.807692307692308,598.025641025641,880.1282051282051,67.94615384615385,13172.128205128203,98.95128205128204,98.33333333333331,44.74358974358975,0.717948717948718,15.333333333333334,0.6410256410256411,789.4615384615385,0.4358974358974359,29.487179487179485,1.2820512820512822,0.0,0.0512820512820512,0.0256410256410256,0.1282051282051282,0.0,0.0256410256410256,2.5641025641025643,0.0007692307692307,0.0,0.0,73.09487179487179,0.1615384615384615,0.0376923076923076,5.21025641025641,0
José Sá,8000000.0,2159.0,28,Goalkeeper,192.0,0,1,0.0,0.0,13.074,0.8421052631578948,3420.0,0.0,0.0,18.975,0.6377952755905512,3810.0,2021,Wolves,25.846153846153847,2317.3076923076924,0.0,0.0512820512820512,0.0512820512820512,0.0,0.0,0.0,0.0,0.0,0.4615384615384615,0.0,0.0015384615384615,0.9230769230769232,0.5384615384615384,36.54102564102564,0.0,0.1794871794871795,0.8205128205128205,10.846153846153848,1.6153846153846154,37.66666666666666,1.528974358974359,82.3076923076923,69.94871794871794,5.589743589743589,21.235897435897435,14.807692307692308,598.025641025641,880.1282051282051,67.94615384615385,13172.128205128203,98.95128205128204,98.33333333333331,44.74358974358975,0.717948717948718,15.333333333333334,0.6410256410256411,789.4615384615385,0.4358974358974359,29.487179487179485,1.2820512820512822,0.0,0.0512820512820512,0.0256410256410256,0.1282051282051282,0.0,0.0256410256410256,2.5641025641025643,0.0007692307692307,0.0,0.0,73.09487179487179,0.1615384615384615,0.0376923076923076,5.21025641025641,0
Boris Radunović,625000.0,1429.0,25,Goalkeeper,194.0,0,0,0.0,0.0,0.0,0.0,0.0,0.0,0.0,0.934,2.666666666666667,270.0,2021,Cagliari Calcio,25.846153846153847,2317.3076923076924,0.0,0.0512820512820512,0.0512820512820512,0.0,0.0,0.0,0.0,0.0,0.4615384615384615,0.0,0.0015384615384615,0.9230769230769232,0.5384615384615384,36.54102564102564,0.0,0.1794871794871795,0.8205128205128205,10.846153846153848,1.6153846153846154,37.66666666666666,1.528974358974359,82.3076923076923,69.94871794871794,5.589743589743589,21.235897435897435,14.807692307692308,598.025641025641,880.1282051282051,67.94615384615385,13172.128205128203,98.95128205128204,98.33333333333331,44.74358974358975,0.717948717948718,15.333333333333334,0.6410256410256411,789.4615384615385,0.4358974358974359,29.487179487179485,1.2820512820512822,0.0,0.0512820512820512,0.0256410256410256,0.1282051282051282,0.0,0.0256410256410256,2.5641025641025643,0.0007692307692307,0.0,0.0,73.09487179487179,0.1615384615384615,0.0376923076923076,5.21025641025641,0
Rui Patrício,11800000.0,1429.0,33,Goalkeeper,190.0,1,1,0.0,0.0,10.0,1.3783783783783785,3330.0,0.0,0.0,16.582,1.018867924528302,4770.0,2021,AS Roma,37.0,3329.0,0.0,0.0,0.0,0.0,0.0,0.0,0.0,0.0,0.0,0.0,0.0,0.0,0.0,0.0,0.0,0.0,1.0,3.0,3.0,51.0,1.38,99.0,70.3,10.0,27.0,12.5,559.0,810.0,69.0,11909.0,99.2,97.9,48.5,0.0,1.0,0.0,808.0,0.0,0.0,0.0,0.0,0.0,0.0,0.0,0.0,0.0,0.0,0.0,0.0,0.0,88.9,0.05,0.0,3.8,1
Dominik Greif,2500000.0,1794.0,24,Goalkeeper,197.0,0,0,0.0,0.0,0.0,0.0,0.0,0.0,0.0,0.0,0.0,0.0,2021,RCD Mallorca,25.846153846153847,2317.3076923076924,0.0,0.0512820512820512,0.0512820512820512,0.0,0.0,0.0,0.0,0.0,0.4615384615384615,0.0,0.0015384615384615,0.9230769230769232,0.5384615384615384,36.54102564102564,0.0,0.1794871794871795,0.8205128205128205,10.846153846153848,1.6153846153846154,37.66666666666666,1.528974358974359,82.3076923076923,69.94871794871794,5.589743589743589,21.235897435897435,14.807692307692308,598.025641025641,880.1282051282051,67.94615384615385,13172.128205128203,98.95128205128204,98.33333333333331,44.74358974358975,0.717948717948718,15.333333333333334,0.6410256410256411,789.4615384615385,0.4358974358974359,29.487179487179485,1.2820512820512822,0.0,0.0512820512820512,0.0256410256410256,0.1282051282051282,0.0,0.0256410256410256,2.5641025641025643,0.0007692307692307,0.0,0.0,73.09487179487179,0.1615384615384615,0.0376923076923076,5.21025641025641,0
Juan Musso,20500000.0,1429.0,27,Goalkeeper,191.0,0,1,0.0,0.0,7.472,1.4320685434516525,3268.0,0.0,0.0,13.076,1.3333333333333337,3510.0,2021,Atalanta BC,35.0,3147.0,0.0,0.0,0.0,0.0,0.0,0.0,0.0,0.0,0.0,0.0,0.0,1.0,1.0,100.0,0.0,0.0,1.0,8.0,1.0,51.0,1.46,98.0,74.5,8.0,22.9,0.0,769.0,1017.0,75.6,14856.0,100.0,98.2,51.4,0.0,6.0,0.0,958.0,1.0,100.0,0.0,0.0,1.0,1.0,0.0,0.0,0.0,0.0,0.0,0.0,0.0,100.0,0.03,0.0,5.4,1
Daniel Klein,200000.0,1429.0,20,Goalkeeper,193.0,0,1,0.0,0.0,0.0,0.0,0.0,0.0,0.0,0.0,0.0,0.0,2021,FC Augsburg,25.846153846153847,2317.3076923076924,0.0,0.0512820512820512,0.0512820512820512,0.0,0.0,0.0,0.0,0.0,0.4615384615384615,0.0,0.0015384615384615,0.9230769230769232,0.5384615384615384,36.54102564102564,0.0,0.1794871794871795,0.8205128205128205,10.846153846153848,1.6153846153846154,37.66666666666666,1.528974358974359,82.3076923076923,69.94871794871794,5.589743589743589,21.235897435897435,14.807692307692308,598.025641025641,880.1282051282051,67.94615384615385,13172.128205128203,98.95128205128204,98.33333333333331,44.74358974358975,0.717948717948718,15.333333333333334,0.6410256410256411,789.4615384615385,0.4358974358974359,29.487179487179485,1.2820512820512822,0.0,0.0512820512820512,0.0256410256410256,0.1282051282051282,0.0,0.0256410256410256,2.5641025641025643,0.0007692307692307,0.0,0.0,73.09487179487179,0.1615384615384615,0.0376923076923076,5.21025641025641,0
Alberto Paleari,2000000.0,1794.0,29,Goalkeeper,193.0,0,1,0.0,0.0,0.934,1.5180722891566265,415.0,0.0,0.0,0.0,0.0,0.0,2021,Genoa,3.0,206.0,0.0,0.0,0.0,0.0,0.0,0.0,0.0,0.0,0.0,0.0,0.0,0.0,0.0,0.0,0.0,0.0,0.0,1.0,0.0,3.0,1.31,9.0,75.0,1.0,50.0,0.0,53.0,78.0,67.9,868.0,100.0,100.0,32.4,0.0,2.0,0.0,71.0,0.0,0.0,0.0,0.0,0.0,0.0,0.0,0.0,0.0,0.0,0.0,0.0,0.0,0.0,0.0,0.0,3.0,1
Mike Maignan,16400000.0,1794.0,26,Goalkeeper,191.0,0,1,0.0,0.0,20.001,0.7608695652173912,4140.0,0.0,0.0,11.088,1.21301775147929,3042.0,2021,AC Milan,38.0,3420.0,0.0,0.0,0.0,0.0,0.0,0.0,0.0,0.0,4.0,0.0,0.0,0.0,0.0,0.0,0.0,0.0,0.0,7.0,2.0,23.0,0.61,85.0,79.4,21.0,55.3,50.0,779.0,1071.0,72.7,15076.0,99.4,99.5,44.4,1.0,10.0,3.0,964.0,1.0,100.0,0.0,0.0,1.0,0.0,0.0,0.0,0.0,0.0,0.0,0.0,0.0,90.9,0.13,0.03,5.5,1
Gregor Kobel,15000000.0,2525.0,24,Goalkeeper,196.0,0,0,0.0,0.0,5.222,1.588235294117647,3060.0,0.0,0.0,0.0,0.0,0.0,2021,Bor. Dortmund,33.0,2970.0,0.0,0.0,0.0,0.0,0.0,0.0,0.0,0.0,0.0,0.0,0.0,2.0,2.0,100.0,0.0,0.0,2.0,8.0,1.0,54.0,1.64,102.0,68.8,5.0,15.2,28.6,1009.0,1222.0,82.6,16279.0,100.0,98.6,49.4,1.0,11.0,1.0,1110.0,1.0,100.0,0.0,0.0,0.0,0.0,0.0,0.0,0.0,0.0,0.0,0.0,0.0,66.7,0.09,0.0,3.7,1
Conan Ledesma,1800000.0,2709.0,28,Goalkeeper,183.0,0,1,0.0,0.0,8.352,1.40625,2880.0,0.0,0.0,0.0,0.0,0.0,2021,Cádiz CF,25.846153846153847,2317.3076923076924,0.0,0.0512820512820512,0.0512820512820512,0.0,0.0,0.0,0.0,0.0,0.4615384615384615,0.0,0.0015384615384615,0.9230769230769232,0.5384615384615384,36.54102564102564,0.0,0.1794871794871795,0.8205128205128205,10.846153846153848,1.6153846153846154,37.66666666666666,1.528974358974359,82.3076923076923,69.94871794871794,5.589743589743589,21.235897435897435,14.807692307692308,598.025641025641,880.1282051282051,67.94615384615385,13172.128205128203,98.95128205128204,98.33333333333331,44.74358974358975,0.717948717948718,15.333333333333334,0.6410256410256411,789.4615384615385,0.4358974358974359,29.487179487179485,1.2820512820512822,0.0,0.0512820512820512,0.0256410256410256,0.1282051282051282,0.0,0.0256410256410256,2.5641025641025643,0.0007692307692307,0.0,0.0,73.09487179487179,0.1615384615384615,0.0376923076923076,5.21025641025641,0
Florian Müller,5000000.0,365.0,24,Goalkeeper,190.0,1,1,0.0,0.0,5.550000000000001,1.4838709677419355,2790.0,0.0,0.0,1.85,2.0,1215.0,2021,VfB Stuttgart,31.0,2790.0,0.0,0.0,0.0,0.0,0.0,0.0,0.0,0.0,0.0,0.0,0.0,0.0,0.0,0.0,0.0,1.0,2.0,10.0,1.0,46.0,1.48,112.0,72.0,6.0,19.4,33.3,912.0,1333.0,68.4,18738.0,99.3,98.5,38.8,0.0,21.0,1.0,1209.0,1.0,100.0,0.0,0.0,0.0,0.0,0.0,0.0,0.0,0.0,0.0,0.0,0.0,100.0,0.35,0.13,1.7,1
Diant Ramaj,100000.0,1429.0,20,Goalkeeper,189.0,0,1,0.0,0.0,0.0,0.0,0.0,0.0,0.0,0.0,0.0,0.0,2021,E. Frankfurt,25.846153846153847,2317.3076923076924,0.0,0.0512820512820512,0.0512820512820512,0.0,0.0,0.0,0.0,0.0,0.4615384615384615,0.0,0.0015384615384615,0.9230769230769232,0.5384615384615384,36.54102564102564,0.0,0.1794871794871795,0.8205128205128205,10.846153846153848,1.6153846153846154,37.66666666666666,1.528974358974359,82.3076923076923,69.94871794871794,5.589743589743589,21.235897435897435,14.807692307692308,598.025641025641,880.1282051282051,67.94615384615385,13172.128205128203,98.95128205128204,98.33333333333331,44.74358974358975,0.717948717948718,15.333333333333334,0.6410256410256411,789.4615384615385,0.4358974358974359,29.487179487179485,1.2820512820512822,0.0,0.0512820512820512,0.0256410256410256,0.1282051282051282,0.0,0.0256410256410256,2.5641025641025643,0.0007692307692307,0.0,0.0,73.09487179487179,0.1615384615384615,0.0376923076923076,5.21025641025641,0
Fernando Pacheco,2200000.0,1429.0,30,Goalkeeper,187.0,1,1,0.0,0.0,5.5680000000000005,1.768172888015717,3054.0,0.0,0.0,8.352,1.5322580645161292,3348.0,2022,Espanyol,34.0,3053.0,0.0,0.0,0.0,0.0,0.0,0.0,0.0,0.0,0.0,0.0,0.0,2.0,1.0,100.0,0.0,0.0,0.0,18.0,1.0,60.0,1.77,85.0,62.8,5.0,14.7,37.5,649.0,1032.0,62.9,21746.0,100.0,98.9,51.2,2.0,48.0,2.0,923.0,0.0,0.0,0.0,0.0,0.0,0.0,0.0,0.0,0.0,0.0,0.0,0.0,0.0,100.0,0.27,0.0,4.4,1
Diego Mariño,80000.0,365.0,32,Goalkeeper,185.0,0,1,0.0,0.0,0.0,0.0,0.0,0.0,0.0,0.0,0.0,0.0,2022,UD Almería,25.846153846153847,2317.3076923076924,0.0,0.0512820512820512,0.0512820512820512,0.0,0.0,0.0,0.0,0.0,0.4615384615384615,0.0,0.0015384615384615,0.9230769230769232,0.5384615384615384,36.54102564102564,0.0,0.1794871794871795,0.8205128205128205,10.846153846153848,1.6153846153846154,37.66666666666666,1.528974358974359,82.3076923076923,69.94871794871794,5.589743589743589,21.235897435897435,14.807692307692308,598.025641025641,880.1282051282051,67.94615384615385,13172.128205128203,98.95128205128204,98.33333333333331,44.74358974358975,0.717948717948718,15.333333333333334,0.6410256410256411,789.4615384615385,0.4358974358974359,29.487179487179485,1.2820512820512822,0.0,0.0512820512820512,0.0256410256410256,0.1282051282051282,0.0,0.0256410256410256,2.5641025641025643,0.0007692307692307,0.0,0.0,73.09487179487179,0.1615384615384615,0.0376923076923076,5.21025641025641,0
Daniel Bentley,57000.0,1794.0,29,Goalkeeper,193.0,0,1,0.0,0.0,0.0,0.0,0.0,0.0,0.0,0.0,0.0,0.0,2022,Wolves,25.846153846153847,2317.3076923076924,0.0,0.0512820512820512,0.0512820512820512,0.0,0.0,0.0,0.0,0.0,0.4615384615384615,0.0,0.0015384615384615,0.9230769230769232,0.5384615384615384,36.54102564102564,0.0,0.1794871794871795,0.8205128205128205,10.846153846153848,1.6153846153846154,37.66666666666666,1.528974358974359,82.3076923076923,69.94871794871794,5.589743589743589,21.235897435897435,14.807692307692308,598.025641025641,880.1282051282051,67.94615384615385,13172.128205128203,98.95128205128204,98.33333333333331,44.74358974358975,0.717948717948718,15.333333333333334,0.6410256410256411,789.4615384615385,0.4358974358974359,29.487179487179485,1.2820512820512822,0.0,0.0512820512820512,0.0256410256410256,0.1282051282051282,0.0,0.0256410256410256,2.5641025641025643,0.0007692307692307,0.0,0.0,73.09487179487179,0.1615384615384615,0.0376923076923076,5.21025641025641,0
Yann Sommer,9000000.0,1429.0,34,Goalkeeper,183.0,0,0,0.0,0.925,5.819,1.761416589002796,3219.0,0.0,0.0,6.744,1.7040489367899796,3433.0,2022,Bayern Munich,33.0,2970.0,0.0,1.0,1.0,0.0,0.0,0.0,0.0,0.0,2.0,0.0,0.03,0.0,0.0,0.0,0.0,0.0,3.0,8.0,3.0,60.0,1.82,120.0,68.7,5.0,15.2,40.0,1096.0,1439.0,76.2,18554.0,99.6,98.7,48.4,1.0,13.0,1.0,1108.0,0.0,0.0,0.0,0.0,0.0,0.0,0.0,0.0,0.0,0.0,0.0,0.0,0.0,100.0,0.06,0.03,4.4,1
Jonas Omlin,9000000.0,1794.0,28,Goalkeeper,190.0,0,0,0.0,0.0,7.392,1.52954808806489,2589.0,0.0,0.0,1.848,1.8848167539267016,2674.0,2022,Bor. M'gladbach,29.0,2587.0,0.0,0.0,0.0,0.0,0.0,0.0,0.0,0.0,0.0,0.0,0.0,2.0,1.0,66.7,0.0,0.0,0.0,12.0,3.0,41.0,1.43,117.0,75.9,8.0,27.6,25.0,842.0,1071.0,78.6,15321.0,97.7,98.9,52.0,0.0,6.0,0.0,1002.0,1.0,100.0,0.0,0.0,0.0,0.0,1.0,0.0,0.0,0.0,0.0,0.0,0.0,100.0,0.07,0.07,7.9,1
Devis Vásquez,810000.0,1064.0,24,Goalkeeper,195.0,0,0,0.0,0.0,0.0,0.0,0.0,0.0,0.0,0.0,0.0,0.0,2022,AC Milan,25.846153846153847,2317.3076923076924,0.0,0.0512820512820512,0.0512820512820512,0.0,0.0,0.0,0.0,0.0,0.4615384615384615,0.0,0.0015384615384615,0.9230769230769232,0.5384615384615384,36.54102564102564,0.0,0.1794871794871795,0.8205128205128205,10.846153846153848,1.6153846153846154,37.66666666666666,1.528974358974359,82.3076923076923,69.94871794871794,5.589743589743589,21.235897435897435,14.807692307692308,598.025641025641,880.1282051282051,67.94615384615385,13172.128205128203,98.95128205128204,98.33333333333331,44.74358974358975,0.717948717948718,15.333333333333334,0.6410256410256411,789.4615384615385,0.4358974358974359,29.487179487179485,1.2820512820512822,0.0,0.0512820512820512,0.0256410256410256,0.1282051282051282,0.0,0.0256410256410256,2.5641025641025643,0.0007692307692307,0.0,0.0,73.09487179487179,0.1615384615384615,0.0376923076923076,5.21025641025641,0
Simon Simoni,600000.0,1064.0,18,Goalkeeper,195.0,0,0,0.0,0.0,0.0,0.0,0.0,0.0,0.0,0.0,0.0,0.0,2022,E. Frankfurt,25.846153846153847,2317.3076923076924,0.0,0.0512820512820512,0.0512820512820512,0.0,0.0,0.0,0.0,0.0,0.4615384615384615,0.0,0.0015384615384615,0.9230769230769232,0.5384615384615384,36.54102564102564,0.0,0.1794871794871795,0.8205128205128205,10.846153846153848,1.6153846153846154,37.66666666666666,1.528974358974359,82.3076923076923,69.94871794871794,5.589743589743589,21.235897435897435,14.807692307692308,598.025641025641,880.1282051282051,67.94615384615385,13172.128205128203,98.95128205128204,98.33333333333331,44.74358974358975,0.717948717948718,15.333333333333334,0.6410256410256411,789.4615384615385,0.4358974358974359,29.487179487179485,1.2820512820512822,0.0,0.0512820512820512,0.0256410256410256,0.1282051282051282,0.0,0.0256410256410256,2.5641025641025643,0.0007692307692307,0.0,0.0,73.09487179487179,0.1615384615384615,0.0376923076923076,5.21025641025641,0
Bartlomiej Dragowski,2450000.0,2160.0,25,Goalkeeper,191.0,0,0,0.0,0.0,1.868,1.9508670520231213,692.0,0.0,0.934,6.538,1.6290885995554143,3149.0,2022,Spezia Calcio,25.846153846153847,2317.3076923076924,0.0,0.0512820512820512,0.0512820512820512,0.0,0.0,0.0,0.0,0.0,0.4615384615384615,0.0,0.0015384615384615,0.9230769230769232,0.5384615384615384,36.54102564102564,0.0,0.1794871794871795,0.8205128205128205,10.846153846153848,1.6153846153846154,37.66666666666666,1.528974358974359,82.3076923076923,69.94871794871794,5.589743589743589,21.235897435897435,14.807692307692308,598.025641025641,880.1282051282051,67.94615384615385,13172.128205128203,98.95128205128204,98.33333333333331,44.74358974358975,0.717948717948718,15.333333333333334,0.6410256410256411,789.4615384615385,0.4358974358974359,29.487179487179485,1.2820512820512822,0.0,0.0512820512820512,0.0256410256410256,0.1282051282051282,0.0,0.0256410256410256,2.5641025641025643,0.0007692307692307,0.0,0.0,73.09487179487179,0.1615384615384615,0.0376923076923076,5.21025641025641,0
Ivan Provedel,2550000.0,1794.0,28,Goalkeeper,194.0,0,1,0.0,0.0,6.538,1.6944243301955106,2762.0,0.0,0.0,3.736,1.8666666666666667,2700.0,2022,Lazio,31.0,2761.0,0.0,0.0,0.0,0.0,0.0,0.0,0.0,0.0,2.0,0.0,0.0,0.0,0.0,0.0,0.0,0.0,2.0,10.0,2.0,52.0,1.7,116.0,73.9,7.0,22.6,0.0,736.0,1199.0,61.4,17852.0,99.0,96.7,44.3,0.0,25.0,1.0,1031.0,0.0,0.0,0.0,0.0,0.0,0.0,0.0,0.0,1.0,100.0,0.03,0.0,0.0,100.0,0.07,0.03,5.9,1
Bernd Leno,3600000.0,1794.0,30,Goalkeeper,190.0,0,1,0.0,0.0,1.0,2.0,450.0,0.0,0.0,12.791,1.0183875530410185,4242.0,2022,Fulham,4.0,360.0,0.0,0.0,0.0,0.0,0.0,0.0,0.0,0.0,0.0,0.0,0.0,1.0,1.0,100.0,0.0,0.0,0.0,1.0,0.0,9.0,2.25,10.0,52.6,1.0,25.0,0.0,76.0,115.0,66.1,1594.0,100.0,100.0,43.3,0.0,0.0,0.0,100.0,0.0,0.0,0.0,0.0,0.0,0.0,0.0,0.0,0.0,0.0,0.0,0.0,0.0,75.0,0.0,0.0,8.2,1
Gabriel Slonina,9090000.0,1034.0,18,Goalkeeper,193.0,0,0,0.0,0.0,0.0,0.0,0.0,0.0,0.0,0.0,0.0,0.0,2022,Chelsea,25.846153846153847,2317.3076923076924,0.0,0.0512820512820512,0.0512820512820512,0.0,0.0,0.0,0.0,0.0,0.4615384615384615,0.0,0.0015384615384615,0.9230769230769232,0.5384615384615384,36.54102564102564,0.0,0.1794871794871795,0.8205128205128205,10.846153846153848,1.6153846153846154,37.66666666666666,1.528974358974359,82.3076923076923,69.94871794871794,5.589743589743589,21.235897435897435,14.807692307692308,598.025641025641,880.1282051282051,67.94615384615385,13172.128205128203,98.95128205128204,98.33333333333331,44.74358974358975,0.717948717948718,15.333333333333334,0.6410256410256411,789.4615384615385,0.4358974358974359,29.487179487179485,1.2820512820512822,0.0,0.0512820512820512,0.0256410256410256,0.1282051282051282,0.0,0.0256410256410256,2.5641025641025643,0.0007692307692307,0.0,0.0,73.09487179487179,0.1615384615384615,0.0376923076923076,5.21025641025641,0
Agustín Marchesín,1050000.0,1248.0,34,Goalkeeper,188.0,0,1,0.0,0.0,0.0,2.7551020408163263,98.0,0.0,0.872,17.534,0.8076923076923076,3900.0,2022,Celta de Vigo,25.846153846153847,2317.3076923076924,0.0,0.0512820512820512,0.0512820512820512,0.0,0.0,0.0,0.0,0.0,0.4615384615384615,0.0,0.0015384615384615,0.9230769230769232,0.5384615384615384,36.54102564102564,0.0,0.1794871794871795,0.8205128205128205,10.846153846153848,1.6153846153846154,37.66666666666666,1.528974358974359,82.3076923076923,69.94871794871794,5.589743589743589,21.235897435897435,14.807692307692308,598.025641025641,880.1282051282051,67.94615384615385,13172.128205128203,98.95128205128204,98.33333333333331,44.74358974358975,0.717948717948718,15.333333333333334,0.6410256410256411,789.4615384615385,0.4358974358974359,29.487179487179485,1.2820512820512822,0.0,0.0512820512820512,0.0256410256410256,0.1282051282051282,0.0,0.0256410256410256,2.5641025641025643,0.0007692307692307,0.0,0.0,73.09487179487179,0.1615384615384615,0.0376923076923076,5.21025641025641,0
Predrag Rajković,2000000.0,2160.0,27,Goalkeeper,191.0,0,0,0.0,0.0,10.164,1.1578947368421053,3420.0,0.0,0.0,9.837,1.3648068669527895,3495.0,2022,RCD Mallorca,38.0,3420.0,0.0,0.0,0.0,0.0,0.0,0.0,0.0,0.0,1.0,0.0,0.0,2.0,2.0,66.7,0.0,1.0,1.0,21.0,1.0,44.0,1.16,116.0,75.8,11.0,28.9,16.7,898.0,1266.0,70.9,16666.0,99.4,97.4,47.3,1.0,24.0,2.0,1141.0,1.0,100.0,0.0,0.0,0.0,0.0,0.0,0.0,0.0,0.0,0.0,0.0,0.0,83.3,0.21,0.0,5.7,1
Arijanet Muric,3000000.0,2160.0,24,Goalkeeper,198.0,0,0,0.0,0.0,6.704,1.263044260525369,2779.0,0.0,0.0,3.75,1.5272727272727271,1650.0,2022,Burnley,25.846153846153847,2317.3076923076924,0.0,0.0512820512820512,0.0512820512820512,0.0,0.0,0.0,0.0,0.0,0.4615384615384615,0.0,0.0015384615384615,0.9230769230769232,0.5384615384615384,36.54102564102564,0.0,0.1794871794871795,0.8205128205128205,10.846153846153848,1.6153846153846154,37.66666666666666,1.528974358974359,82.3076923076923,69.94871794871794,5.589743589743589,21.235897435897435,14.807692307692308,598.025641025641,880.1282051282051,67.94615384615385,13172.128205128203,98.95128205128204,98.33333333333331,44.74358974358975,0.717948717948718,15.333333333333334,0.6410256410256411,789.4615384615385,0.4358974358974359,29.487179487179485,1.2820512820512822,0.0,0.0512820512820512,0.0256410256410256,0.1282051282051282,0.0,0.0256410256410256,2.5641025641025643,0.0007692307692307,0.0,0.0,73.09487179487179,0.1615384615384615,0.0376923076923076,5.21025641025641,0
André Ferreira,750000.0,1794.0,26,Goalkeeper,193.0,0,1,0.0,0.0,9.914,1.3243243243243243,3330.0,0.0,0.0,0.872,0.0,90.0,2022,Granada CF,25.846153846153847,2317.3076923076924,0.0,0.0512820512820512,0.0512820512820512,0.0,0.0,0.0,0.0,0.0,0.4615384615384615,0.0,0.0015384615384615,0.9230769230769232,0.5384615384615384,36.54102564102564,0.0,0.1794871794871795,0.8205128205128205,10.846153846153848,1.6153846153846154,37.66666666666666,1.528974358974359,82.3076923076923,69.94871794871794,5.589743589743589,21.235897435897435,14.807692307692308,598.025641025641,880.1282051282051,67.94615384615385,13172.128205128203,98.95128205128204,98.33333333333331,44.74358974358975,0.717948717948718,15.333333333333334,0.6410256410256411,789.4615384615385,0.4358974358974359,29.487179487179485,1.2820512820512822,0.0,0.0512820512820512,0.0256410256410256,0.1282051282051282,0.0,0.0256410256410256,2.5641025641025643,0.0007692307692307,0.0,0.0,73.09487179487179,0.1615384615384615,0.0376923076923076,5.21025641025641,0
Luís Maximiano,10500000.0,2525.0,23,Goalkeeper,190.0,0,1,0.0,0.0,6.496,1.606630538731272,3137.0,0.0,0.0,1.469,0.3658536585365854,246.0,2022,Lazio,35.0,3136.0,0.0,0.0,0.0,0.0,0.0,0.0,0.0,0.0,1.0,0.0,0.0,3.0,1.0,50.0,0.0,0.0,1.0,16.0,2.0,55.0,1.58,122.0,71.8,7.0,20.0,28.6,641.0,1177.0,54.5,18032.0,100.0,96.9,36.4,0.0,33.0,1.0,1055.0,2.0,100.0,0.0,0.0,0.0,0.0,3.0,0.0,0.0,0.0,0.0,0.0,0.0,85.7,0.14,0.03,5.1,1
Alessandro Sorrentino,800000.0,1064.0,20,Goalkeeper,190.0,0,1,0.0,0.0,0.0,0.0,0.0,0.0,0.0,0.0,0.0,0.0,2022,Monza,25.846153846153847,2317.3076923076924,0.0,0.0512820512820512,0.0512820512820512,0.0,0.0,0.0,0.0,0.0,0.4615384615384615,0.0,0.0015384615384615,0.9230769230769232,0.5384615384615384,36.54102564102564,0.0,0.1794871794871795,0.8205128205128205,10.846153846153848,1.6153846153846154,37.66666666666666,1.528974358974359,82.3076923076923,69.94871794871794,5.589743589743589,21.235897435897435,14.807692307692308,598.025641025641,880.1282051282051,67.94615384615385,13172.128205128203,98.95128205128204,98.33333333333331,44.74358974358975,0.717948717948718,15.333333333333334,0.6410256410256411,789.4615384615385,0.4358974358974359,29.487179487179485,1.2820512820512822,0.0,0.0512820512820512,0.0256410256410256,0.1282051282051282,0.0,0.0256410256410256,2.5641025641025643,0.0007692307692307,0.0,0.0,73.09487179487179,0.1615384615384615,0.0376923076923076,5.21025641025641,0
Robin Olsen,3500000.0,1064.0,32,Goalkeeper,196.0,0,0,0.0,0.0,0.0,3.0,90.0,0.0,0.0,2.597,1.3125,960.0,2022,Aston Villa,1.0,90.0,0.0,0.0,0.0,0.0,0.0,0.0,0.0,0.0,0.0,0.0,0.0,0.0,0.0,0.0,0.0,0.0,0.0,0.0,0.0,3.0,3.0,2.0,40.0,0.0,0.0,0.0,25.0,47.0,53.2,651.0,100.0,100.0,35.5,0.0,0.0,0.0,46.0,0.0,0.0,0.0,0.0,0.0,0.0,0.0,0.0,0.0,0.0,0.0,0.0,0.0,0.0,1.0,1.0,17.9,1
Etrit Berisha,300000.0,365.0,33,Goalkeeper,194.0,1,0,0.0,0.0,3.736,0.9090909090909092,990.0,0.0,0.0,0.0,0.0,0.0,2022,Torino,10.0,900.0,0.0,0.0,0.0,0.0,0.0,0.0,0.0,0.0,0.0,0.0,0.0,0.0,0.0,0.0,0.0,0.0,0.0,4.0,0.0,8.0,0.8,32.0,85.4,4.0,40.0,33.3,176.0,319.0,55.2,4579.0,95.8,100.0,34.4,0.0,6.0,0.0,289.0,0.0,0.0,0.0,0.0,0.0,0.0,0.0,0.0,0.0,0.0,0.0,0.0,0.0,0.0,0.0,0.0,4.7,1
Alphonse Areola,9300000.0,1794.0,29,Goalkeeper,195.0,0,1,0.0,0.0,3.582,0.8297872340425532,1410.0,0.0,0.0,9.0,1.3333333333333337,3240.0,2022,West Ham,1.0,90.0,0.0,0.0,0.0,0.0,0.0,0.0,0.0,0.0,0.0,0.0,0.0,0.0,0.0,0.0,0.0,0.0,0.0,1.0,0.0,1.0,1.0,2.0,66.7,0.0,0.0,0.0,21.0,40.0,52.5,656.0,100.0,100.0,36.7,0.0,0.0,0.0,40.0,0.0,0.0,0.0,0.0,0.0,0.0,0.0,0.0,0.0,0.0,0.0,0.0,0.0,0.0,0.0,0.0,6.7,1
Jesse Joronen,1250000.0,1064.0,29,Goalkeeper,197.0,0,0,0.0,0.0,0.0,0.0,0.0,0.0,0.0,0.0,0.0,0.0,2022,Venezia,25.846153846153847,2317.3076923076924,0.0,0.0512820512820512,0.0512820512820512,0.0,0.0,0.0,0.0,0.0,0.4615384615384615,0.0,0.0015384615384615,0.9230769230769232,0.5384615384615384,36.54102564102564,0.0,0.1794871794871795,0.8205128205128205,10.846153846153848,1.6153846153846154,37.66666666666666,1.528974358974359,82.3076923076923,69.94871794871794,5.589743589743589,21.235897435897435,14.807692307692308,598.025641025641,880.1282051282051,67.94615384615385,13172.128205128203,98.95128205128204,98.33333333333331,44.74358974358975,0.717948717948718,15.333333333333334,0.6410256410256411,789.4615384615385,0.4358974358974359,29.487179487179485,1.2820512820512822,0.0,0.0512820512820512,0.0256410256410256,0.1282051282051282,0.0,0.0256410256410256,2.5641025641025643,0.0007692307692307,0.0,0.0,73.09487179487179,0.1615384615384615,0.0376923076923076,5.21025641025641,0
Alberto Paleari,1300000.0,1429.0,30,Goalkeeper,193.0,0,1,0.0,0.0,0.0,0.0,0.0,0.0,0.0,0.934,1.5180722891566265,415.0,2022,Benevento,25.846153846153847,2317.3076923076924,0.0,0.0512820512820512,0.0512820512820512,0.0,0.0,0.0,0.0,0.0,0.4615384615384615,0.0,0.0015384615384615,0.9230769230769232,0.5384615384615384,36.54102564102564,0.0,0.1794871794871795,0.8205128205128205,10.846153846153848,1.6153846153846154,37.66666666666666,1.528974358974359,82.3076923076923,69.94871794871794,5.589743589743589,21.235897435897435,14.807692307692308,598.025641025641,880.1282051282051,67.94615384615385,13172.128205128203,98.95128205128204,98.33333333333331,44.74358974358975,0.717948717948718,15.333333333333334,0.6410256410256411,789.4615384615385,0.4358974358974359,29.487179487179485,1.2820512820512822,0.0,0.0512820512820512,0.0256410256410256,0.1282051282051282,0.0,0.0256410256410256,2.5641025641025643,0.0007692307692307,0.0,0.0,73.09487179487179,0.1615384615384615,0.0376923076923076,5.21025641025641,0
Nick Pope,11500000.0,1429.0,30,Goalkeeper,198.0,0,1,0.0,0.0,9.0,1.3243243243243243,3330.0,0.0,0.0,11.0,1.15625,2880.0,2022,Newcastle,36.0,3240.0,0.0,0.0,0.0,0.0,0.0,0.0,0.0,0.0,0.0,0.0,0.0,0.0,0.0,0.0,0.0,0.0,2.0,30.0,3.0,47.0,1.31,119.0,74.5,9.0,25.0,0.0,556.0,1088.0,51.1,21499.0,87.5,95.6,43.5,2.0,49.0,3.0,882.0,0.0,0.0,0.0,0.0,0.0,0.0,0.0,0.0,0.0,0.0,0.0,0.0,0.0,100.0,0.22,0.0,7.6,1
Lorenzo Montipò,1100000.0,1429.0,26,Goalkeeper,191.0,0,1,0.0,0.0,3.736,1.4705882352941178,3060.0,0.0,0.0,6.538,2.0,3330.0,2022,Hellas Verona,34.0,3060.0,0.0,0.0,0.0,0.0,0.0,0.0,0.0,0.0,0.0,0.0,0.0,0.0,0.0,0.0,0.0,0.0,1.0,16.0,3.0,50.0,1.47,88.0,65.0,4.0,11.8,33.3,539.0,973.0,55.4,14461.0,100.0,97.0,38.6,0.0,22.0,0.0,882.0,1.0,100.0,0.0,0.0,0.0,0.0,0.0,0.0,0.0,0.0,0.0,0.0,0.0,84.6,0.09,0.0,4.2,1
Guglielmo Vicario,8500000.0,2160.0,26,Goalkeeper,194.0,0,1,0.0,0.0,6.538,1.8461538461538465,3510.0,0.0,0.597,1.531,1.4285714285714284,630.0,2022,FC Empoli,38.0,3420.0,0.0,0.0,0.0,0.0,0.0,0.0,0.0,0.0,0.0,0.0,0.0,1.0,1.0,100.0,0.0,1.0,1.0,21.0,1.0,70.0,1.84,150.0,69.9,7.0,18.4,28.6,1042.0,1325.0,78.6,19334.0,100.0,98.9,47.3,1.0,6.0,0.0,1298.0,0.0,0.0,0.0,0.0,0.0,0.0,0.0,0.0,0.0,0.0,0.0,0.0,0.0,92.3,0.18,0.03,5.8,1
Michele Di Gregorio,6000000.0,2525.0,25,Goalkeeper,187.0,0,1,0.0,0.0,0.0,0.0,0.0,0.0,0.0,0.0,0.0,0.0,2022,Monza,25.846153846153847,2317.3076923076924,0.0,0.0512820512820512,0.0512820512820512,0.0,0.0,0.0,0.0,0.0,0.4615384615384615,0.0,0.0015384615384615,0.9230769230769232,0.5384615384615384,36.54102564102564,0.0,0.1794871794871795,0.8205128205128205,10.846153846153848,1.6153846153846154,37.66666666666666,1.528974358974359,82.3076923076923,69.94871794871794,5.589743589743589,21.235897435897435,14.807692307692308,598.025641025641,880.1282051282051,67.94615384615385,13172.128205128203,98.95128205128204,98.33333333333331,44.74358974358975,0.717948717948718,15.333333333333334,0.6410256410256411,789.4615384615385,0.4358974358974359,29.487179487179485,1.2820512820512822,0.0,0.0512820512820512,0.0256410256410256,0.1282051282051282,0.0,0.0256410256410256,2.5641025641025643,0.0007692307692307,0.0,0.0,73.09487179487179,0.1615384615384615,0.0376923076923076,5.21025641025641,0
Samuele Perisan,650000.0,1064.0,25,Goalkeeper,192.0,1,1,0.0,0.0,0.0,0.0,0.0,0.0,0.0,0.0,0.0,0.0,2022,FC Empoli,25.846153846153847,2317.3076923076924,0.0,0.0512820512820512,0.0512820512820512,0.0,0.0,0.0,0.0,0.0,0.4615384615384615,0.0,0.0015384615384615,0.9230769230769232,0.5384615384615384,36.54102564102564,0.0,0.1794871794871795,0.8205128205128205,10.846153846153848,1.6153846153846154,37.66666666666666,1.528974358974359,82.3076923076923,69.94871794871794,5.589743589743589,21.235897435897435,14.807692307692308,598.025641025641,880.1282051282051,67.94615384615385,13172.128205128203,98.95128205128204,98.33333333333331,44.74358974358975,0.717948717948718,15.333333333333334,0.6410256410256411,789.4615384615385,0.4358974358974359,29.487179487179485,1.2820512820512822,0.0,0.0512820512820512,0.0256410256410256,0.1282051282051282,0.0,0.0256410256410256,2.5641025641025643,0.0007692307692307,0.0,0.0,73.09487179487179,0.1615384615384615,0.0376923076923076,5.21025641025641,0
Matt Turner,5900000.0,1064.0,28,Goalkeeper,191.0,0,0,0.0,0.0,0.0,0.0,0.0,0.0,0.0,0.0,0.0,0.0,2022,Arsenal,25.846153846153847,2317.3076923076924,0.0,0.0512820512820512,0.0512820512820512,0.0,0.0,0.0,0.0,0.0,0.4615384615384615,0.0,0.0015384615384615,0.9230769230769232,0.5384615384615384,36.54102564102564,0.0,0.1794871794871795,0.8205128205128205,10.846153846153848,1.6153846153846154,37.66666666666666,1.528974358974359,82.3076923076923,69.94871794871794,5.589743589743589,21.235897435897435,14.807692307692308,598.025641025641,880.1282051282051,67.94615384615385,13172.128205128203,98.95128205128204,98.33333333333331,44.74358974358975,0.717948717948718,15.333333333333334,0.6410256410256411,789.4615384615385,0.4358974358974359,29.487179487179485,1.2820512820512822,0.0,0.0512820512820512,0.0256410256410256,0.1282051282051282,0.0,0.0256410256410256,2.5641025641025643,0.0007692307692307,0.0,0.0,73.09487179487179,0.1615384615384615,0.0376923076923076,5.21025641025641,0
Gavin Bazunu,14000000.0,1064.0,20,Goalkeeper,188.0,0,0,0.0,0.0,0.0,0.0,0.0,0.0,0.0,0.0,0.0,0.0,2022,Southampton,25.846153846153847,2317.3076923076924,0.0,0.0512820512820512,0.0512820512820512,0.0,0.0,0.0,0.0,0.0,0.4615384615384615,0.0,0.0015384615384615,0.9230769230769232,0.5384615384615384,36.54102564102564,0.0,0.1794871794871795,0.8205128205128205,10.846153846153848,1.6153846153846154,37.66666666666666,1.528974358974359,82.3076923076923,69.94871794871794,5.589743589743589,21.235897435897435,14.807692307692308,598.025641025641,880.1282051282051,67.94615384615385,13172.128205128203,98.95128205128204,98.33333333333331,44.74358974358975,0.717948717948718,15.333333333333334,0.6410256410256411,789.4615384615385,0.4358974358974359,29.487179487179485,1.2820512820512822,0.0,0.0512820512820512,0.0256410256410256,0.1282051282051282,0.0,0.0256410256410256,2.5641025641025643,0.0007692307692307,0.0,0.0,73.09487179487179,0.1615384615384615,0.0376923076923076,5.21025641025641,0
Matz Sels,8000000.0,1429.0,31,Goalkeeper,188.0,0,1,0.0,0.0,5.5440000000000005,1.5526315789473684,3420.0,0.0,0.0,12.012,1.162162162162162,3330.0,2023,Nottm Forest,38.0,3420.0,0.0,0.0,0.0,0.0,0.0,0.0,0.0,0.0,0.0,0.0,0.0,4.0,3.0,100.0,0.0,0.0,4.0,23.0,0.0,59.0,1.55,115.0,71.8,6.0,15.8,0.0,636.0,973.0,65.4,14417.0,98.4,97.8,42.2,1.0,17.0,0.0,936.0,0.0,0.0,0.0,0.0,0.0,0.0,0.0,0.0,0.0,0.0,0.0,0.0,0.0,100.0,0.11,0.0,6.2,1
Joe Gauci,1500000.0,1795.0,23,Goalkeeper,194.0,0,0,0.0,0.0,0.0,0.0,0.0,0.0,0.0,0.0,0.0,0.0,2023,Aston Villa,25.846153846153847,2317.3076923076924,0.0,0.0512820512820512,0.0512820512820512,0.0,0.0,0.0,0.0,0.0,0.4615384615384615,0.0,0.0015384615384615,0.9230769230769232,0.5384615384615384,36.54102564102564,0.0,0.1794871794871795,0.8205128205128205,10.846153846153848,1.6153846153846154,37.66666666666666,1.528974358974359,82.3076923076923,69.94871794871794,5.589743589743589,21.235897435897435,14.807692307692308,598.025641025641,880.1282051282051,67.94615384615385,13172.128205128203,98.95128205128204,98.33333333333331,44.74358974358975,0.717948717948718,15.333333333333334,0.6410256410256411,789.4615384615385,0.4358974358974359,29.487179487179485,1.2820512820512822,0.0,0.0512820512820512,0.0256410256410256,0.1282051282051282,0.0,0.0256410256410256,2.5641025641025643,0.0007692307692307,0.0,0.0,73.09487179487179,0.1615384615384615,0.0376923076923076,5.21025641025641,0
Marc Martínez,150000.0,699.0,33,Goalkeeper,186.0,0,1,0.0,0.0,0.0,0.0,0.0,0.0,0.0,0.0,0.0,0.0,2023,Granada CF,25.846153846153847,2317.3076923076924,0.0,0.0512820512820512,0.0512820512820512,0.0,0.0,0.0,0.0,0.0,0.4615384615384615,0.0,0.0015384615384615,0.9230769230769232,0.5384615384615384,36.54102564102564,0.0,0.1794871794871795,0.8205128205128205,10.846153846153848,1.6153846153846154,37.66666666666666,1.528974358974359,82.3076923076923,69.94871794871794,5.589743589743589,21.235897435897435,14.807692307692308,598.025641025641,880.1282051282051,67.94615384615385,13172.128205128203,98.95128205128204,98.33333333333331,44.74358974358975,0.717948717948718,15.333333333333334,0.6410256410256411,789.4615384615385,0.4358974358974359,29.487179487179485,1.2820512820512822,0.0,0.0512820512820512,0.0256410256410256,0.1282051282051282,0.0,0.0256410256410256,2.5641025641025643,0.0007692307692307,0.0,0.0,73.09487179487179,0.1615384615384615,0.0376923076923076,5.21025641025641,0
Franz Stolz,250000.0,1429.0,22,Goalkeeper,193.0,0,0,0.0,0.0,0.0,0.0,0.0,0.0,0.0,0.0,0.0,0.0,2023,Genoa,25.846153846153847,2317.3076923076924,0.0,0.0512820512820512,0.0512820512820512,0.0,0.0,0.0,0.0,0.0,0.4615384615384615,0.0,0.0015384615384615,0.9230769230769232,0.5384615384615384,36.54102564102564,0.0,0.1794871794871795,0.8205128205128205,10.846153846153848,1.6153846153846154,37.66666666666666,1.528974358974359,82.3076923076923,69.94871794871794,5.589743589743589,21.235897435897435,14.807692307692308,598.025641025641,880.1282051282051,67.94615384615385,13172.128205128203,98.95128205128204,98.33333333333331,44.74358974358975,0.717948717948718,15.333333333333334,0.6410256410256411,789.4615384615385,0.4358974358974359,29.487179487179485,1.2820512820512822,0.0,0.0512820512820512,0.0256410256410256,0.1282051282051282,0.0,0.0256410256410256,2.5641025641025643,0.0007692307692307,0.0,0.0,73.09487179487179,0.1615384615384615,0.0376923076923076,5.21025641025641,0
Ivo Grbic,2500000.0,699.0,27,Goalkeeper,195.0,0,1,0.0,0.0,0.928,1.4243323442136495,1011.0,0.0,0.0,3.639,1.1851851851851851,2430.0,2023,Sheff Utd,25.846153846153847,2317.3076923076924,0.0,0.0512820512820512,0.0512820512820512,0.0,0.0,0.0,0.0,0.0,0.4615384615384615,0.0,0.0015384615384615,0.9230769230769232,0.5384615384615384,36.54102564102564,0.0,0.1794871794871795,0.8205128205128205,10.846153846153848,1.6153846153846154,37.66666666666666,1.528974358974359,82.3076923076923,69.94871794871794,5.589743589743589,21.235897435897435,14.807692307692308,598.025641025641,880.1282051282051,67.94615384615385,13172.128205128203,98.95128205128204,98.33333333333331,44.74358974358975,0.717948717948718,15.333333333333334,0.6410256410256411,789.4615384615385,0.4358974358974359,29.487179487179485,1.2820512820512822,0.0,0.0512820512820512,0.0256410256410256,0.1282051282051282,0.0,0.0256410256410256,2.5641025641025643,0.0007692307692307,0.0,0.0,73.09487179487179,0.1615384615384615,0.0376923076923076,5.21025641025641,0
Hákon Rafn Valdimarsson,3000000.0,1795.0,22,Goalkeeper,195.0,0,0,0.0,0.0,0.0,0.0,0.0,0.0,0.0,0.0,0.0,0.0,2023,Brentford,25.846153846153847,2317.3076923076924,0.0,0.0512820512820512,0.0512820512820512,0.0,0.0,0.0,0.0,0.0,0.4615384615384615,0.0,0.0015384615384615,0.9230769230769232,0.5384615384615384,36.54102564102564,0.0,0.1794871794871795,0.8205128205128205,10.846153846153848,1.6153846153846154,37.66666666666666,1.528974358974359,82.3076923076923,69.94871794871794,5.589743589743589,21.235897435897435,14.807692307692308,598.025641025641,880.1282051282051,67.94615384615385,13172.128205128203,98.95128205128204,98.33333333333331,44.74358974358975,0.717948717948718,15.333333333333334,0.6410256410256411,789.4615384615385,0.4358974358974359,29.487179487179485,1.2820512820512822,0.0,0.0512820512820512,0.0256410256410256,0.1282051282051282,0.0,0.0256410256410256,2.5641025641025643,0.0007692307692307,0.0,0.0,73.09487179487179,0.1615384615384615,0.0376923076923076,5.21025641025641,0
Horațiu Moldovan,800000.0,699.0,25,Goalkeeper,189.0,0,0,0.0,0.0,0.0,0.0,0.0,0.0,0.0,0.0,0.0,0.0,2023,Atlético Madrid,25.846153846153847,2317.3076923076924,0.0,0.0512820512820512,0.0512820512820512,0.0,0.0,0.0,0.0,0.0,0.4615384615384615,0.0,0.0015384615384615,0.9230769230769232,0.5384615384615384,36.54102564102564,0.0,0.1794871794871795,0.8205128205128205,10.846153846153848,1.6153846153846154,37.66666666666666,1.528974358974359,82.3076923076923,69.94871794871794,5.589743589743589,21.235897435897435,14.807692307692308,598.025641025641,880.1282051282051,67.94615384615385,13172.128205128203,98.95128205128204,98.33333333333331,44.74358974358975,0.717948717948718,15.333333333333334,0.6410256410256411,789.4615384615385,0.4358974358974359,29.487179487179485,1.2820512820512822,0.0,0.0512820512820512,0.0256410256410256,0.1282051282051282,0.0,0.0256410256410256,2.5641025641025643,0.0007692307692307,0.0,0.0,73.09487179487179,0.1615384615384615,0.0376923076923076,5.21025641025641,0
Ivor Pandur,2000000.0,1429.0,23,Goalkeeper,187.0,0,1,0.0,0.0,5.964,1.6774193548387095,2790.0,0.0,0.0,0.597,2.0,450.0,2023,Hull City,25.846153846153847,2317.3076923076924,0.0,0.0512820512820512,0.0512820512820512,0.0,0.0,0.0,0.0,0.0,0.4615384615384615,0.0,0.0015384615384615,0.9230769230769232,0.5384615384615384,36.54102564102564,0.0,0.1794871794871795,0.8205128205128205,10.846153846153848,1.6153846153846154,37.66666666666666,1.528974358974359,82.3076923076923,69.94871794871794,5.589743589743589,21.235897435897435,14.807692307692308,598.025641025641,880.1282051282051,67.94615384615385,13172.128205128203,98.95128205128204,98.33333333333331,44.74358974358975,0.717948717948718,15.333333333333334,0.6410256410256411,789.4615384615385,0.4358974358974359,29.487179487179485,1.2820512820512822,0.0,0.0512820512820512,0.0256410256410256,0.1282051282051282,0.0,0.0256410256410256,2.5641025641025643,0.0007692307692307,0.0,0.0,73.09487179487179,0.1615384615384615,0.0376923076923076,5.21025641025641,0
Odysseas Vlachodimos,4900000.0,365.0,29,Goalkeeper,191.0,0,0,0.0,0.0,21.297,0.7454228421970357,4588.0,0.0,0.0,12.624,1.115267711012392,4277.0,2023,Nottm Forest,25.846153846153847,2317.3076923076924,0.0,0.0512820512820512,0.0512820512820512,0.0,0.0,0.0,0.0,0.0,0.4615384615384615,0.0,0.0015384615384615,0.9230769230769232,0.5384615384615384,36.54102564102564,0.0,0.1794871794871795,0.8205128205128205,10.846153846153848,1.6153846153846154,37.66666666666666,1.528974358974359,82.3076923076923,69.94871794871794,5.589743589743589,21.235897435897435,14.807692307692308,598.025641025641,880.1282051282051,67.94615384615385,13172.128205128203,98.95128205128204,98.33333333333331,44.74358974358975,0.717948717948718,15.333333333333334,0.6410256410256411,789.4615384615385,0.4358974358974359,29.487179487179485,1.2820512820512822,0.0,0.0512820512820512,0.0256410256410256,0.1282051282051282,0.0,0.0256410256410256,2.5641025641025643,0.0007692307692307,0.0,0.0,73.09487179487179,0.1615384615384615,0.0376923076923076,5.21025641025641,0
Altay Bayındır,5000000.0,1429.0,25,Goalkeeper,198.0,0,0,0.0,0.0,10.527,1.1186440677966103,3540.0,0.0,0.838,8.977,0.9722222222222222,2592.0,2023,Man Utd,25.846153846153847,2317.3076923076924,0.0,0.0512820512820512,0.0512820512820512,0.0,0.0,0.0,0.0,0.0,0.4615384615384615,0.0,0.0015384615384615,0.9230769230769232,0.5384615384615384,36.54102564102564,0.0,0.1794871794871795,0.8205128205128205,10.846153846153848,1.6153846153846154,37.66666666666666,1.528974358974359,82.3076923076923,69.94871794871794,5.589743589743589,21.235897435897435,14.807692307692308,598.025641025641,880.1282051282051,67.94615384615385,13172.128205128203,98.95128205128204,98.33333333333331,44.74358974358975,0.717948717948718,15.333333333333334,0.6410256410256411,789.4615384615385,0.4358974358974359,29.487179487179485,1.2820512820512822,0.0,0.0512820512820512,0.0256410256410256,0.1282051282051282,0.0,0.0256410256410256,2.5641025641025643,0.0007692307692307,0.0,0.0,73.09487179487179,0.1615384615384615,0.0376923076923076,5.21025641025641,0
Christos Mandas,1300000.0,2160.0,22,Goalkeeper,189.0,0,0,0.0,0.0,5.754,1.2000000000000002,1800.0,0.0,0.0,0.0,0.0,0.0,2023,Lazio,25.846153846153847,2317.3076923076924,0.0,0.0512820512820512,0.0512820512820512,0.0,0.0,0.0,0.0,0.0,0.4615384615384615,0.0,0.0015384615384615,0.9230769230769232,0.5384615384615384,36.54102564102564,0.0,0.1794871794871795,0.8205128205128205,10.846153846153848,1.6153846153846154,37.66666666666666,1.528974358974359,82.3076923076923,69.94871794871794,5.589743589743589,21.235897435897435,14.807692307692308,598.025641025641,880.1282051282051,67.94615384615385,13172.128205128203,98.95128205128204,98.33333333333331,44.74358974358975,0.717948717948718,15.333333333333334,0.6410256410256411,789.4615384615385,0.4358974358974359,29.487179487179485,1.2820512820512822,0.0,0.0512820512820512,0.0256410256410256,0.1282051282051282,0.0,0.0256410256410256,2.5641025641025643,0.0007692307692307,0.0,0.0,73.09487179487179,0.1615384615384615,0.0376923076923076,5.21025641025641,0
Dean Henderson,17500000.0,1795.0,26,Goalkeeper,188.0,0,1,0.0,0.0,6.0,1.8669920683343504,1639.0,0.0,0.0,0.0,4.787234042553192,188.0,2023,Crystal Palace,18.0,1620.0,0.0,0.0,0.0,0.0,0.0,0.0,0.0,0.0,0.0,0.0,0.0,0.0,0.0,0.0,0.0,0.0,0.0,12.0,1.0,31.0,1.72,52.0,65.9,6.0,33.3,50.0,425.0,671.0,63.3,8838.0,100.0,98.9,39.8,0.0,11.0,1.0,600.0,0.0,0.0,0.0,0.0,0.0,0.0,0.0,0.0,0.0,0.0,0.0,0.0,0.0,100.0,0.17,0.0,6.9,1
Steven Benda,870000.0,1064.0,25,Goalkeeper,192.0,0,1,0.0,0.0,0.0,0.0,0.0,0.0,0.0,0.0,0.0,0.0,2023,Fulham,25.846153846153847,2317.3076923076924,0.0,0.0512820512820512,0.0512820512820512,0.0,0.0,0.0,0.0,0.0,0.4615384615384615,0.0,0.0015384615384615,0.9230769230769232,0.5384615384615384,36.54102564102564,0.0,0.1794871794871795,0.8205128205128205,10.846153846153848,1.6153846153846154,37.66666666666666,1.528974358974359,82.3076923076923,69.94871794871794,5.589743589743589,21.235897435897435,14.807692307692308,598.025641025641,880.1282051282051,67.94615384615385,13172.128205128203,98.95128205128204,98.33333333333331,44.74358974358975,0.717948717948718,15.333333333333334,0.6410256410256411,789.4615384615385,0.4358974358974359,29.487179487179485,1.2820512820512822,0.0,0.0512820512820512,0.0256410256410256,0.1282051282051282,0.0,0.0256410256410256,2.5641025641025643,0.0007692307692307,0.0,0.0,73.09487179487179,0.1615384615384615,0.0376923076923076,5.21025641025641,0
Kauã Santos,1600000.0,2525.0,20,Goalkeeper,198.0,0,1,0.0,0.0,0.0,0.0,0.0,0.0,0.0,0.0,0.0,0.0,2023,E. Frankfurt,25.846153846153847,2317.3076923076924,0.0,0.0512820512820512,0.0512820512820512,0.0,0.0,0.0,0.0,0.0,0.4615384615384615,0.0,0.0015384615384615,0.9230769230769232,0.5384615384615384,36.54102564102564,0.0,0.1794871794871795,0.8205128205128205,10.846153846153848,1.6153846153846154,37.66666666666666,1.528974358974359,82.3076923076923,69.94871794871794,5.589743589743589,21.235897435897435,14.807692307692308,598.025641025641,880.1282051282051,67.94615384615385,13172.128205128203,98.95128205128204,98.33333333333331,44.74358974358975,0.717948717948718,15.333333333333334,0.6410256410256411,789.4615384615385,0.4358974358974359,29.487179487179485,1.2820512820512822,0.0,0.0512820512820512,0.0256410256410256,0.1282051282051282,0.0,0.0256410256410256,2.5641025641025643,0.0007692307692307,0.0,0.0,73.09487179487179,0.1615384615384615,0.0376923076923076,5.21025641025641,0
Djordje Petrovic,16000000.0,699.0,24,Goalkeeper,190.0,0,0,0.0,0.0,0.0,1.3846153846153846,390.0,0.0,0.0,0.0,0.0,0.0,2023,Chelsea,25.846153846153847,2317.3076923076924,0.0,0.0512820512820512,0.0512820512820512,0.0,0.0,0.0,0.0,0.0,0.4615384615384615,0.0,0.0015384615384615,0.9230769230769232,0.5384615384615384,36.54102564102564,0.0,0.1794871794871795,0.8205128205128205,10.846153846153848,1.6153846153846154,37.66666666666666,1.528974358974359,82.3076923076923,69.94871794871794,5.589743589743589,21.235897435897435,14.807692307692308,598.025641025641,880.1282051282051,67.94615384615385,13172.128205128203,98.95128205128204,98.33333333333331,44.74358974358975,0.717948717948718,15.333333333333334,0.6410256410256411,789.4615384615385,0.4358974358974359,29.487179487179485,1.2820512820512822,0.0,0.0512820512820512,0.0256410256410256,0.1282051282051282,0.0,0.0256410256410256,2.5641025641025643,0.0007692307692307,0.0,0.0,73.09487179487179,0.1615384615384615,0.0376923076923076,5.21025641025641,0
Daniel Peretz,5000000.0,1795.0,23,Goalkeeper,190.0,0,0,0.0,0.0,0.0,0.0,0.0,0.0,0.0,0.0,0.0,0.0,2023,Bayern Munich,25.846153846153847,2317.3076923076924,0.0,0.0512820512820512,0.0512820512820512,0.0,0.0,0.0,0.0,0.0,0.4615384615384615,0.0,0.0015384615384615,0.9230769230769232,0.5384615384615384,36.54102564102564,0.0,0.1794871794871795,0.8205128205128205,10.846153846153848,1.6153846153846154,37.66666666666666,1.528974358974359,82.3076923076923,69.94871794871794,5.589743589743589,21.235897435897435,14.807692307692308,598.025641025641,880.1282051282051,67.94615384615385,13172.128205128203,98.95128205128204,98.33333333333331,44.74358974358975,0.717948717948718,15.333333333333334,0.6410256410256411,789.4615384615385,0.4358974358974359,29.487179487179485,1.2820512820512822,0.0,0.0512820512820512,0.0256410256410256,0.1282051282051282,0.0,0.0256410256410256,2.5641025641025643,0.0007692307692307,0.0,0.0,73.09487179487179,0.1615384615384615,0.0376923076923076,5.21025641025641,0
Maduka Okoye,6000000.0,1795.0,24,Goalkeeper,198.0,0,0,0.0,0.0,0.0,0.0,0.0,0.0,0.0,5.709,1.354625550660793,2724.0,2023,Udinese,25.846153846153847,2317.3076923076924,0.0,0.0512820512820512,0.0512820512820512,0.0,0.0,0.0,0.0,0.0,0.4615384615384615,0.0,0.0015384615384615,0.9230769230769232,0.5384615384615384,36.54102564102564,0.0,0.1794871794871795,0.8205128205128205,10.846153846153848,1.6153846153846154,37.66666666666666,1.528974358974359,82.3076923076923,69.94871794871794,5.589743589743589,21.235897435897435,14.807692307692308,598.025641025641,880.1282051282051,67.94615384615385,13172.128205128203,98.95128205128204,98.33333333333331,44.74358974358975,0.717948717948718,15.333333333333334,0.6410256410256411,789.4615384615385,0.4358974358974359,29.487179487179485,1.2820512820512822,0.0,0.0512820512820512,0.0256410256410256,0.1282051282051282,0.0,0.0256410256410256,2.5641025641025643,0.0007692307692307,0.0,0.0,73.09487179487179,0.1615384615384615,0.0376923076923076,5.21025641025641,0
Dani Cárdenas,1300000.0,1429.0,26,Goalkeeper,186.0,0,1,0.0,0.0,0.0,0.0,0.0,0.0,0.0,4.640000000000001,1.9166666666666663,2160.0,2023,Rayo Vallecano,25.846153846153847,2317.3076923076924,0.0,0.0512820512820512,0.0512820512820512,0.0,0.0,0.0,0.0,0.0,0.4615384615384615,0.0,0.0015384615384615,0.9230769230769232,0.5384615384615384,36.54102564102564,0.0,0.1794871794871795,0.8205128205128205,10.846153846153848,1.6153846153846154,37.66666666666666,1.528974358974359,82.3076923076923,69.94871794871794,5.589743589743589,21.235897435897435,14.807692307692308,598.025641025641,880.1282051282051,67.94615384615385,13172.128205128203,98.95128205128204,98.33333333333331,44.74358974358975,0.717948717948718,15.333333333333334,0.6410256410256411,789.4615384615385,0.4358974358974359,29.487179487179485,1.2820512820512822,0.0,0.0512820512820512,0.0256410256410256,0.1282051282051282,0.0,0.0256410256410256,2.5641025641025643,0.0007692307692307,0.0,0.0,73.09487179487179,0.1615384615384615,0.0376923076923076,5.21025641025641,0
Matej Kovar,5000000.0,1429.0,23,Goalkeeper,196.0,0,0,0.0,0.0,0.0,0.0,0.0,0.0,0.0,0.0,0.0,0.0,2023,B. Leverkusen,25.846153846153847,2317.3076923076924,0.0,0.0512820512820512,0.0512820512820512,0.0,0.0,0.0,0.0,0.0,0.4615384615384615,0.0,0.0015384615384615,0.9230769230769232,0.5384615384615384,36.54102564102564,0.0,0.1794871794871795,0.8205128205128205,10.846153846153848,1.6153846153846154,37.66666666666666,1.528974358974359,82.3076923076923,69.94871794871794,5.589743589743589,21.235897435897435,14.807692307692308,598.025641025641,880.1282051282051,67.94615384615385,13172.128205128203,98.95128205128204,98.33333333333331,44.74358974358975,0.717948717948718,15.333333333333334,0.6410256410256411,789.4615384615385,0.4358974358974359,29.487179487179485,1.2820512820512822,0.0,0.0512820512820512,0.0256410256410256,0.1282051282051282,0.0,0.0256410256410256,2.5641025641025643,0.0007692307692307,0.0,0.0,73.09487179487179,0.1615384615384615,0.0376923076923076,5.21025641025641,0
Oliver Christensen,3800000.0,1795.0,24,Goalkeeper,190.0,0,0,0.0,0.0,2.7750000000000004,2.271844660194174,3090.0,0.0,0.0,0.0,1.6666666666666663,540.0,2023,Fiorentina,33.0,2970.0,0.0,0.0,0.0,0.0,0.0,0.0,0.0,0.0,2.0,0.0,0.0,1.0,0.0,0.0,0.0,0.0,0.0,22.0,2.0,68.0,2.06,94.0,61.3,3.0,9.1,16.7,777.0,1218.0,63.8,18548.0,100.0,98.0,41.1,0.0,13.0,0.0,1001.0,2.0,50.0,50.0,0.0,0.0,0.0,1.0,0.0,0.0,0.0,0.0,0.0,0.0,66.7,0.21,0.03,6.8,1
Matt Turner,8150000.0,699.0,29,Goalkeeper,191.0,0,0,0.0,0.0,2.388,0.625,720.0,0.0,0.0,0.0,0.0,0.0,2023,Nottm Forest,25.846153846153847,2317.3076923076924,0.0,0.0512820512820512,0.0512820512820512,0.0,0.0,0.0,0.0,0.0,0.4615384615384615,0.0,0.0015384615384615,0.9230769230769232,0.5384615384615384,36.54102564102564,0.0,0.1794871794871795,0.8205128205128205,10.846153846153848,1.6153846153846154,37.66666666666666,1.528974358974359,82.3076923076923,69.94871794871794,5.589743589743589,21.235897435897435,14.807692307692308,598.025641025641,880.1282051282051,67.94615384615385,13172.128205128203,98.95128205128204,98.33333333333331,44.74358974358975,0.717948717948718,15.333333333333334,0.6410256410256411,789.4615384615385,0.4358974358974359,29.487179487179485,1.2820512820512822,0.0,0.0512820512820512,0.0256410256410256,0.1282051282051282,0.0,0.0256410256410256,2.5641025641025643,0.0007692307692307,0.0,0.0,73.09487179487179,0.1615384615384615,0.0376923076923076,5.21025641025641,0
Yann Sommer,6900000.0,1064.0,35,Goalkeeper,183.0,0,0,0.0,0.0,9.191,1.3373379702813784,3163.0,0.0,0.925,5.819,1.761416589002796,3219.0,2023,Inter,10.0,900.0,0.0,0.0,0.0,0.0,0.0,0.0,0.0,0.0,0.0,0.0,0.0,1.0,0.0,100.0,0.0,0.0,0.0,8.0,0.0,14.0,1.4,47.0,80.0,3.0,30.0,0.0,499.0,609.0,81.9,7432.0,99.2,98.2,48.0,0.0,5.0,0.0,444.0,0.0,0.0,0.0,0.0,0.0,0.0,0.0,0.0,0.0,0.0,0.0,0.0,0.0,0.0,0.2,0.0,3.1,1
Robert Sánchez,23000000.0,2525.0,26,Goalkeeper,197.0,0,1,0.0,0.0,7.791,1.3411764705882354,2550.0,0.0,0.0,11.0,1.1842105263157894,3420.0,2023,Chelsea,23.0,2070.0,0.0,0.0,0.0,0.0,0.0,0.0,0.0,0.0,0.0,0.0,0.0,1.0,0.0,0.0,0.0,0.0,3.0,9.0,2.0,30.0,1.3,46.0,66.2,6.0,26.1,16.7,604.0,781.0,77.3,8845.0,99.5,96.9,41.1,0.0,11.0,0.0,692.0,0.0,0.0,0.0,0.0,0.0,0.0,0.0,0.0,0.0,0.0,0.0,0.0,0.0,100.0,0.09,0.0,7.4,1
Thomas Kaminski,2900000.0,365.0,31,Goalkeeper,190.0,0,1,0.0,0.0,0.0,0.0,0.0,0.0,0.0,0.0,0.0,0.0,2023,Luton,25.846153846153847,2317.3076923076924,0.0,0.0512820512820512,0.0512820512820512,0.0,0.0,0.0,0.0,0.0,0.4615384615384615,0.0,0.0015384615384615,0.9230769230769232,0.5384615384615384,36.54102564102564,0.0,0.1794871794871795,0.8205128205128205,10.846153846153848,1.6153846153846154,37.66666666666666,1.528974358974359,82.3076923076923,69.94871794871794,5.589743589743589,21.235897435897435,14.807692307692308,598.025641025641,880.1282051282051,67.94615384615385,13172.128205128203,98.95128205128204,98.33333333333331,44.74358974358975,0.717948717948718,15.333333333333334,0.6410256410256411,789.4615384615385,0.4358974358974359,29.487179487179485,1.2820512820512822,0.0,0.0512820512820512,0.0256410256410256,0.1282051282051282,0.0,0.0256410256410256,2.5641025641025643,0.0007692307692307,0.0,0.0,73.09487179487179,0.1615384615384615,0.0376923076923076,5.21025641025641,0
Wladimiro Falcone,4000000.0,1795.0,28,Goalkeeper,195.0,0,1,0.0,0.0,5.604,1.2457627118644068,3540.0,0.0,0.0,1.868,1.7391304347826086,1035.0,2023,Lecce,38.0,3420.0,0.0,0.0,0.0,0.0,0.0,0.0,0.0,0.0,0.0,0.0,0.0,2.0,0.0,100.0,0.0,0.0,2.0,21.0,3.0,46.0,1.21,112.0,73.7,6.0,15.8,16.7,597.0,1167.0,51.2,15815.0,100.0,96.1,34.1,3.0,16.0,2.0,1056.0,0.0,0.0,0.0,0.0,0.0,0.0,0.0,0.0,0.0,0.0,0.0,0.0,0.0,85.7,0.16,0.0,4.3,1
Aarón Escandell,400000.0,1064.0,28,Goalkeeper,184.0,0,1,0.0,0.0,0.0,0.0,0.0,0.0,0.0,1.525,1.3606911447084231,463.0,2023,UD Las Palmas,25.846153846153847,2317.3076923076924,0.0,0.0512820512820512,0.0512820512820512,0.0,0.0,0.0,0.0,0.0,0.4615384615384615,0.0,0.0015384615384615,0.9230769230769232,0.5384615384615384,36.54102564102564,0.0,0.1794871794871795,0.8205128205128205,10.846153846153848,1.6153846153846154,37.66666666666666,1.528974358974359,82.3076923076923,69.94871794871794,5.589743589743589,21.235897435897435,14.807692307692308,598.025641025641,880.1282051282051,67.94615384615385,13172.128205128203,98.95128205128204,98.33333333333331,44.74358974358975,0.717948717948718,15.333333333333334,0.6410256410256411,789.4615384615385,0.4358974358974359,29.487179487179485,1.2820512820512822,0.0,0.0512820512820512,0.0256410256410256,0.1282051282051282,0.0,0.0256410256410256,2.5641025641025643,0.0007692307692307,0.0,0.0,73.09487179487179,0.1615384615384615,0.0376923076923076,5.21025641025641,0
Elia Caprile,7000000.0,699.0,22,Goalkeeper,191.0,0,1,0.0,0.0,0.0,0.0,0.0,0.0,0.0,0.0,0.0,0.0,2023,Napoli,25.846153846153847,2317.3076923076924,0.0,0.0512820512820512,0.0512820512820512,0.0,0.0,0.0,0.0,0.0,0.4615384615384615,0.0,0.0015384615384615,0.9230769230769232,0.5384615384615384,36.54102564102564,0.0,0.1794871794871795,0.8205128205128205,10.846153846153848,1.6153846153846154,37.66666666666666,1.528974358974359,82.3076923076923,69.94871794871794,5.589743589743589,21.235897435897435,14.807692307692308,598.025641025641,880.1282051282051,67.94615384615385,13172.128205128203,98.95128205128204,98.33333333333331,44.74358974358975,0.717948717948718,15.333333333333334,0.6410256410256411,789.4615384615385,0.4358974358974359,29.487179487179485,1.2820512820512822,0.0,0.0512820512820512,0.0256410256410256,0.1282051282051282,0.0,0.0256410256410256,2.5641025641025643,0.0007692307692307,0.0,0.0,73.09487179487179,0.1615384615384615,0.0376923076923076,5.21025641025641,0
André Onana,50200000.0,1795.0,27,Goalkeeper,190.0,0,0,0.0,0.0,14.636,0.9,3900.0,0.0,0.0,1.194,1.2000000000000002,900.0,2023,Man Utd,24.0,2160.0,0.0,0.0,0.0,0.0,0.0,0.0,0.0,0.0,2.0,0.0,0.0,0.0,0.0,0.0,0.0,0.0,0.0,5.0,0.0,24.0,1.0,61.0,73.5,8.0,33.3,0.0,837.0,1030.0,81.3,13611.0,100.0,98.0,54.7,3.0,17.0,1.0,890.0,0.0,0.0,0.0,0.0,0.0,0.0,0.0,0.0,0.0,0.0,0.0,0.0,0.0,100.0,0.33,0.0,5.3,1
James Trafford,17300000.0,1429.0,21,Goalkeeper,197.0,0,1,0.0,0.0,0.0,0.0,0.0,0.0,0.0,0.0,0.0,0.0,2023,Burnley,25.846153846153847,2317.3076923076924,0.0,0.0512820512820512,0.0512820512820512,0.0,0.0,0.0,0.0,0.0,0.4615384615384615,0.0,0.0015384615384615,0.9230769230769232,0.5384615384615384,36.54102564102564,0.0,0.1794871794871795,0.8205128205128205,10.846153846153848,1.6153846153846154,37.66666666666666,1.528974358974359,82.3076923076923,69.94871794871794,5.589743589743589,21.235897435897435,14.807692307692308,598.025641025641,880.1282051282051,67.94615384615385,13172.128205128203,98.95128205128204,98.33333333333331,44.74358974358975,0.717948717948718,15.333333333333334,0.6410256410256411,789.4615384615385,0.4358974358974359,29.487179487179485,1.2820512820512822,0.0,0.0512820512820512,0.0256410256410256,0.1282051282051282,0.0,0.0256410256410256,2.5641025641025643,0.0007692307692307,0.0,0.0,73.09487179487179,0.1615384615384615,0.0376923076923076,5.21025641025641,0
Mads Hermansen,7700000.0,1795.0,23,Goalkeeper,187.0,0,0,0.0,0.0,3.744,1.59375,1920.0,0.0,0.0,4.847,1.3214285714285714,2520.0,2023,Leicester,25.846153846153847,2317.3076923076924,0.0,0.0512820512820512,0.0512820512820512,0.0,0.0,0.0,0.0,0.0,0.4615384615384615,0.0,0.0015384615384615,0.9230769230769232,0.5384615384615384,36.54102564102564,0.0,0.1794871794871795,0.8205128205128205,10.846153846153848,1.6153846153846154,37.66666666666666,1.528974358974359,82.3076923076923,69.94871794871794,5.589743589743589,21.235897435897435,14.807692307692308,598.025641025641,880.1282051282051,67.94615384615385,13172.128205128203,98.95128205128204,98.33333333333331,44.74358974358975,0.717948717948718,15.333333333333334,0.6410256410256411,789.4615384615385,0.4358974358974359,29.487179487179485,1.2820512820512822,0.0,0.0512820512820512,0.0256410256410256,0.1282051282051282,0.0,0.0256410256410256,2.5641025641025643,0.0007692307692307,0.0,0.0,73.09487179487179,0.1615384615384615,0.0376923076923076,5.21025641025641,0
Simone Scuffet,2000000.0,699.0,27,Goalkeeper,193.0,0,1,0.0,0.0,0.0,0.0,0.0,0.0,0.0,0.0,0.0,0.0,2023,Cagliari,25.846153846153847,2317.3076923076924,0.0,0.0512820512820512,0.0512820512820512,0.0,0.0,0.0,0.0,0.0,0.4615384615384615,0.0,0.0015384615384615,0.9230769230769232,0.5384615384615384,36.54102564102564,0.0,0.1794871794871795,0.8205128205128205,10.846153846153848,1.6153846153846154,37.66666666666666,1.528974358974359,82.3076923076923,69.94871794871794,5.589743589743589,21.235897435897435,14.807692307692308,598.025641025641,880.1282051282051,67.94615384615385,13172.128205128203,98.95128205128204,98.33333333333331,44.74358974358975,0.717948717948718,15.333333333333334,0.6410256410256411,789.4615384615385,0.4358974358974359,29.487179487179485,1.2820512820512822,0.0,0.0512820512820512,0.0256410256410256,0.1282051282051282,0.0,0.0256410256410256,2.5641025641025643,0.0007692307692307,0.0,0.0,73.09487179487179,0.1615384615384615,0.0376923076923076,5.21025641025641,0
Daniele Sommariva,100000.0,699.0,26,Goalkeeper,185.0,0,1,0.0,0.0,0.0,0.0,0.0,0.0,0.0,0.0,0.0,0.0,2023,Genoa,25.846153846153847,2317.3076923076924,0.0,0.0512820512820512,0.0512820512820512,0.0,0.0,0.0,0.0,0.0,0.4615384615384615,0.0,0.0015384615384615,0.9230769230769232,0.5384615384615384,36.54102564102564,0.0,0.1794871794871795,0.8205128205128205,10.846153846153848,1.6153846153846154,37.66666666666666,1.528974358974359,82.3076923076923,69.94871794871794,5.589743589743589,21.235897435897435,14.807692307692308,598.025641025641,880.1282051282051,67.94615384615385,13172.128205128203,98.95128205128204,98.33333333333331,44.74358974358975,0.717948717948718,15.333333333333334,0.6410256410256411,789.4615384615385,0.4358974358974359,29.487179487179485,1.2820512820512822,0.0,0.0512820512820512,0.0256410256410256,0.1282051282051282,0.0,0.0256410256410256,2.5641025641025643,0.0007692307692307,0.0,0.0,73.09487179487179,0.1615384615384615,0.0376923076923076,5.21025641025641,0
Bart Verbruggen,20000000.0,1795.0,21,Goalkeeper,194.0,0,1,0.0,0.0,7.064,1.2222222222222223,1620.0,0.0,0.0,0.0,0.0,0.0,2023,Brighton,25.846153846153847,2317.3076923076924,0.0,0.0512820512820512,0.0512820512820512,0.0,0.0,0.0,0.0,0.0,0.4615384615384615,0.0,0.0015384615384615,0.9230769230769232,0.5384615384615384,36.54102564102564,0.0,0.1794871794871795,0.8205128205128205,10.846153846153848,1.6153846153846154,37.66666666666666,1.528974358974359,82.3076923076923,69.94871794871794,5.589743589743589,21.235897435897435,14.807692307692308,598.025641025641,880.1282051282051,67.94615384615385,13172.128205128203,98.95128205128204,98.33333333333331,44.74358974358975,0.717948717948718,15.333333333333334,0.6410256410256411,789.4615384615385,0.4358974358974359,29.487179487179485,1.2820512820512822,0.0,0.0512820512820512,0.0256410256410256,0.1282051282051282,0.0,0.0256410256410256,2.5641025641025643,0.0007692307692307,0.0,0.0,73.09487179487179,0.1615384615384615,0.0376923076923076,5.21025641025641,0
Alessio Cragno,3600000.0,699.0,29,Goalkeeper,184.0,0,1,0.0,0.0,0.0,2.25,360.0,0.0,0.0,1.868,1.7777777777777777,3240.0,2023,Monza,1.0,90.0,0.0,0.0,0.0,0.0,0.0,0.0,0.0,0.0,0.0,0.0,0.0,0.0,0.0,0.0,0.0,0.0,0.0,0.0,0.0,3.0,3.0,2.0,40.0,0.0,0.0,0.0,29.0,31.0,93.5,431.0,100.0,100.0,66.7,0.0,0.0,0.0,26.0,0.0,0.0,0.0,0.0,0.0,0.0,0.0,0.0,0.0,0.0,0.0,0.0,0.0,0.0,0.0,0.0,0.0,1
Marius Müller,350000.0,365.0,30,Goalkeeper,192.0,0,1,0.0,0.0,0.0,0.0,0.0,0.0,0.0,0.0,0.0,0.0,2023,FC Schalke 04,25.846153846153847,2317.3076923076924,0.0,0.0512820512820512,0.0512820512820512,0.0,0.0,0.0,0.0,0.0,0.4615384615384615,0.0,0.0015384615384615,0.9230769230769232,0.5384615384615384,36.54102564102564,0.0,0.1794871794871795,0.8205128205128205,10.846153846153848,1.6153846153846154,37.66666666666666,1.528974358974359,82.3076923076923,69.94871794871794,5.589743589743589,21.235897435897435,14.807692307692308,598.025641025641,880.1282051282051,67.94615384615385,13172.128205128203,98.95128205128204,98.33333333333331,44.74358974358975,0.717948717948718,15.333333333333334,0.6410256410256411,789.4615384615385,0.4358974358974359,29.487179487179485,1.2820512820512822,0.0,0.0512820512820512,0.0256410256410256,0.1282051282051282,0.0,0.0256410256410256,2.5641025641025643,0.0007692307692307,0.0,0.0,73.09487179487179,0.1615384615384615,0.0376923076923076,5.21025641025641,0
Mark Flekken,13000000.0,1429.0,30,Goalkeeper,195.0,0,1,0.0,0.0,13.816,1.2573529411764706,4080.0,0.0,0.0,9.847,1.247787610619469,3390.0,2023,Brentford,34.0,3060.0,0.0,0.0,0.0,0.0,0.0,0.0,0.0,0.0,0.0,0.0,0.0,0.0,0.0,0.0,0.0,1.0,0.0,9.0,5.0,44.0,1.29,106.0,74.0,13.0,38.2,0.0,1035.0,1468.0,70.5,25402.0,95.9,98.4,51.8,4.0,58.0,3.0,1234.0,3.0,100.0,0.0,0.0,0.0,0.0,0.0,0.0,0.0,0.0,0.0,0.0,0.0,100.0,0.29,0.03,7.4,1
Florian Müller,1500000.0,365.0,26,Goalkeeper,190.0,1,1,0.0,0.0,0.925,1.75,1800.0,0.0,0.0,3.7,1.7333333333333334,2700.0,2023,SC Freiburg,19.0,1710.0,0.0,0.0,0.0,0.0,0.0,0.0,0.0,0.0,2.0,0.0,0.0,0.0,0.0,0.0,0.0,0.0,0.0,7.0,4.0,34.0,1.79,53.0,62.1,1.0,5.3,0.0,597.0,733.0,81.4,10711.0,99.2,98.4,56.2,2.0,7.0,1.0,628.0,0.0,0.0,0.0,0.0,0.0,0.0,0.0,0.0,0.0,0.0,0.0,0.0,0.0,100.0,0.21,0.0,2.3,1
Guglielmo Vicario,18500000.0,1795.0,27,Goalkeeper,194.0,0,1,0.0,0.0,6.538,1.3016528925619837,2904.0,0.0,0.0,6.538,1.8461538461538465,3510.0,2023,Tottenham,31.0,2783.0,0.0,0.0,0.0,0.0,0.0,0.0,0.0,0.0,0.0,0.0,0.0,1.0,1.0,50.0,0.0,0.0,0.0,15.0,2.0,39.0,1.26,95.0,73.9,7.0,22.6,20.0,923.0,1277.0,72.3,16933.0,99.4,98.4,44.3,0.0,19.0,0.0,1120.0,0.0,0.0,0.0,0.0,0.0,0.0,0.0,0.0,0.0,0.0,0.0,0.0,0.0,81.8,0.19,0.0,5.6,1
Josep Martínez,3500000.0,2160.0,25,Goalkeeper,191.0,0,1,0.0,0.0,0.0,0.0,0.0,0.0,0.0,1.194,1.0,270.0,2023,Genoa,25.846153846153847,2317.3076923076924,0.0,0.0512820512820512,0.0512820512820512,0.0,0.0,0.0,0.0,0.0,0.4615384615384615,0.0,0.0015384615384615,0.9230769230769232,0.5384615384615384,36.54102564102564,0.0,0.1794871794871795,0.8205128205128205,10.846153846153848,1.6153846153846154,37.66666666666666,1.528974358974359,82.3076923076923,69.94871794871794,5.589743589743589,21.235897435897435,14.807692307692308,598.025641025641,880.1282051282051,67.94615384615385,13172.128205128203,98.95128205128204,98.33333333333331,44.74358974358975,0.717948717948718,15.333333333333334,0.6410256410256411,789.4615384615385,0.4358974358974359,29.487179487179485,1.2820512820512822,0.0,0.0512820512820512,0.0256410256410256,0.1282051282051282,0.0,0.0256410256410256,2.5641025641025643,0.0007692307692307,0.0,0.0,73.09487179487179,0.1615384615384615,0.0376923076923076,5.21025641025641,0
